{"timestamp_unix": 1772442444.0867672, "pid": 112795, "device_index": 0, "gpu_uuid": "GPU-6f954bfd-7081-31b7-f15c-f9a174bf4d7f", "gpu_util_percent": 37.0, "gpu_mem_util_percent": 16.0, "gpu_mem_used_mib": 1000.0, "gpu_mem_total_mib": 49140.0, "gpu_power_w": 45.78, "process_present": true, "process_mem_mib": 500.0, "process_mem_share_percent": 1.0175010175010175, "process_util_available": true, "process_util_backend": "nvml", "process_sm_util_percent": null, "process_mem_util_percent": null}
{"timestamp_unix": 1772442444.4779906, "pid": 112795, "device_index": 0, "gpu_uuid": "GPU-6f954bfd-7081-31b7-f15c-f9a174bf4d7f", "gpu_util_percent": 37.0, "gpu_mem_util_percent": 16.0, "gpu_mem_used_mib": 1000.0, "gpu_mem_total_mib": 49140.0, "gpu_power_w": 56.55, "process_present": true, "process_mem_mib": 500.0, "process_mem_share_percent": 1.0175010175010175, "process_util_available": true, "process_util_backend": "nvml", "process_sm_util_percent": null, "process_mem_util_percent": null}
{"timestamp_unix": 1772442444.8136718, "pid": 112795, "device_index": 0, "gpu_uuid": "GPU-6f954bfd-7081-31b7-f15c-f9a174bf4d7f", "gpu_util_percent": 13.0, "gpu_mem_util_percent": 1.0, "gpu_mem_used_mib": 1000.0, "gpu_mem_total_mib": 49140.0, "gpu_power_w": 70.79, "process_present": true, "process_mem_mib": 500.0, "process_mem_share_percent": 1.0175010175010175, "process_util_available": true, "process_util_backend": "nvml", "process_sm_util_percent": null, "process_mem_util_percent": null}
{"timestamp_unix": 1772442445.1317852, "pid": 112795, "device_index": 0, "gpu_uuid": "GPU-6f954bfd-7081-31b7-f15c-f9a174bf4d7f", "gpu_util_percent": 13.0, "gpu_mem_util_percent": 1.0, "gpu_mem_used_mib": 1000.0, "gpu_mem_total_mib": 49140.0, "gpu_power_w": 70.79, "process_present": true, "process_mem_mib": 500.0, "process_mem_share_percent": 1.0175010175010175, "process_util_available": true, "process_util_backend": "nvml", "process_sm_util_percent": null, "process_mem_util_percent": null}
{"timestamp_unix": 1772442445.4202862, "pid": 112795, "device_index": 0, "gpu_uuid": "GPU-6f954bfd-7081-31b7-f15c-f9a174bf4d7f", "gpu_util_percent": 13.0, "gpu_mem_util_percent": 1.0, "gpu_mem_used_mib": 1119.0, "gpu_mem_total_mib": 49140.0, "gpu_power_w": 78.0, "process_present": true, "process_mem_mib": 662.0, "process_mem_share_percent": 1.3471713471713471, "process_util_available": true, "process_util_backend": "nvml", "process_sm_util_percent": null, "process_mem_util_percent": null}
{"timestamp_unix": 1772442445.7060075, "pid": 112795, "device_index": 0, "gpu_uuid": "GPU-6f954bfd-7081-31b7-f15c-f9a174bf4d7f", "gpu_util_percent": 13.0, "gpu_mem_util_percent": 1.0, "gpu_mem_used_mib": 1529.0, "gpu_mem_total_mib": 49140.0, "gpu_power_w": 78.0, "process_present": true, "process_mem_mib": 1088.0, "process_mem_share_percent": 2.214082214082214, "process_util_available": true, "process_util_backend": "nvml", "process_sm_util_percent": null, "process_mem_util_percent": null}
{"timestamp_unix": 1772442445.9984994, "pid": 112795, "device_index": 0, "gpu_uuid": "GPU-6f954bfd-7081-31b7-f15c-f9a174bf4d7f", "gpu_util_percent": 22.0, "gpu_mem_util_percent": 2.0, "gpu_mem_used_mib": 1999.0, "gpu_mem_total_mib": 49140.0, "gpu_power_w": 82.41, "process_present": true, "process_mem_mib": 1512.0, "process_mem_share_percent": 3.076923076923077, "process_util_available": true, "process_util_backend": "nvml", "process_sm_util_percent": 11.0, "process_mem_util_percent": 0.0}
{"timestamp_unix": 1772442446.2908566, "pid": 112795, "device_index": 0, "gpu_uuid": "GPU-6f954bfd-7081-31b7-f15c-f9a174bf4d7f", "gpu_util_percent": 22.0, "gpu_mem_util_percent": 2.0, "gpu_mem_used_mib": 2199.0, "gpu_mem_total_mib": 49140.0, "gpu_power_w": 87.06, "process_present": true, "process_mem_mib": 1790.0, "process_mem_share_percent": 3.6426536426536424, "process_util_available": true, "process_util_backend": "nvml", "process_sm_util_percent": null, "process_mem_util_percent": null}
{"timestamp_unix": 1772442446.5793698, "pid": 112795, "device_index": 0, "gpu_uuid": "GPU-6f954bfd-7081-31b7-f15c-f9a174bf4d7f", "gpu_util_percent": 22.0, "gpu_mem_util_percent": 2.0, "gpu_mem_used_mib": 4183.0, "gpu_mem_total_mib": 49140.0, "gpu_power_w": 87.06, "process_present": true, "process_mem_mib": 3992.0, "process_mem_share_percent": 8.123728123728123, "process_util_available": true, "process_util_backend": "nvml", "process_sm_util_percent": 21.0, "process_mem_util_percent": 3.0}
{"timestamp_unix": 1772442446.868137, "pid": 112795, "device_index": 0, "gpu_uuid": "GPU-6f954bfd-7081-31b7-f15c-f9a174bf4d7f", "gpu_util_percent": 23.0, "gpu_mem_util_percent": 4.0, "gpu_mem_used_mib": 6369.0, "gpu_mem_total_mib": 49140.0, "gpu_power_w": 89.84, "process_present": true, "process_mem_mib": 6080.0, "process_mem_share_percent": 12.372812372812373, "process_util_available": true, "process_util_backend": "nvml", "process_sm_util_percent": 23.0, "process_mem_util_percent": 4.0}
{"timestamp_unix": 1772442447.169203, "pid": 112795, "device_index": 0, "gpu_uuid": "GPU-6f954bfd-7081-31b7-f15c-f9a174bf4d7f", "gpu_util_percent": 23.0, "gpu_mem_util_percent": 4.0, "gpu_mem_used_mib": 8352.0, "gpu_mem_total_mib": 49140.0, "gpu_power_w": 89.84, "process_present": true, "process_mem_mib": 8156.0, "process_mem_share_percent": 16.5974765974766, "process_util_available": true, "process_util_backend": "nvml", "process_sm_util_percent": 12.0, "process_mem_util_percent": 2.0}
{"timestamp_unix": 1772442447.4690547, "pid": 112795, "device_index": 0, "gpu_uuid": "GPU-6f954bfd-7081-31b7-f15c-f9a174bf4d7f", "gpu_util_percent": 23.0, "gpu_mem_util_percent": 4.0, "gpu_mem_used_mib": 10540.0, "gpu_mem_total_mib": 49140.0, "gpu_power_w": 91.39, "process_present": true, "process_mem_mib": 10384.0, "process_mem_share_percent": 21.131461131461133, "process_util_available": true, "process_util_backend": "nvml", "process_sm_util_percent": 23.0, "process_mem_util_percent": 4.0}
{"timestamp_unix": 1772442447.7677374, "pid": 112795, "device_index": 0, "gpu_uuid": "GPU-6f954bfd-7081-31b7-f15c-f9a174bf4d7f", "gpu_util_percent": 24.0, "gpu_mem_util_percent": 5.0, "gpu_mem_used_mib": 12870.0, "gpu_mem_total_mib": 49140.0, "gpu_power_w": 92.9, "process_present": true, "process_mem_mib": 12630.0, "process_mem_share_percent": 25.7020757020757, "process_util_available": true, "process_util_backend": "nvml", "process_sm_util_percent": 11.0, "process_mem_util_percent": 2.0}
{"timestamp_unix": 1772442448.0568655, "pid": 112795, "device_index": 0, "gpu_uuid": "GPU-6f954bfd-7081-31b7-f15c-f9a174bf4d7f", "gpu_util_percent": 24.0, "gpu_mem_util_percent": 5.0, "gpu_mem_used_mib": 15264.0, "gpu_mem_total_mib": 49140.0, "gpu_power_w": 92.9, "process_present": true, "process_mem_mib": 15108.0, "process_mem_share_percent": 30.744810744810746, "process_util_available": true, "process_util_backend": "nvml", "process_sm_util_percent": 23.0, "process_mem_util_percent": 4.0}
{"timestamp_unix": 1772442448.3468409, "pid": 112795, "device_index": 0, "gpu_uuid": "GPU-6f954bfd-7081-31b7-f15c-f9a174bf4d7f", "gpu_util_percent": 24.0, "gpu_mem_util_percent": 5.0, "gpu_mem_used_mib": 17785.0, "gpu_mem_total_mib": 49140.0, "gpu_power_w": 93.29, "process_present": true, "process_mem_mib": 17574.0, "process_mem_share_percent": 35.763125763125764, "process_util_available": true, "process_util_backend": "nvml", "process_sm_util_percent": 23.0, "process_mem_util_percent": 4.0}
{"timestamp_unix": 1772442448.6359174, "pid": 112795, "device_index": 0, "gpu_uuid": "GPU-6f954bfd-7081-31b7-f15c-f9a174bf4d7f", "gpu_util_percent": 24.0, "gpu_mem_util_percent": 5.0, "gpu_mem_used_mib": 20235.0, "gpu_mem_total_mib": 49140.0, "gpu_power_w": 93.29, "process_present": true, "process_mem_mib": 20080.0, "process_mem_share_percent": 40.86284086284086, "process_util_available": true, "process_util_backend": "nvml", "process_sm_util_percent": 24.0, "process_mem_util_percent": 4.0}
{"timestamp_unix": 1772442448.9262638, "pid": 112795, "device_index": 0, "gpu_uuid": "GPU-6f954bfd-7081-31b7-f15c-f9a174bf4d7f", "gpu_util_percent": 23.0, "gpu_mem_util_percent": 4.0, "gpu_mem_used_mib": 22853.0, "gpu_mem_total_mib": 49140.0, "gpu_power_w": 93.74, "process_present": true, "process_mem_mib": 22686.0, "process_mem_share_percent": 46.166056166056165, "process_util_available": true, "process_util_backend": "nvml", "process_sm_util_percent": 23.0, "process_mem_util_percent": 4.0}
{"timestamp_unix": 1772442449.2193167, "pid": 112795, "device_index": 0, "gpu_uuid": "GPU-6f954bfd-7081-31b7-f15c-f9a174bf4d7f", "gpu_util_percent": 23.0, "gpu_mem_util_percent": 4.0, "gpu_mem_used_mib": 24947.0, "gpu_mem_total_mib": 49140.0, "gpu_power_w": 93.74, "process_present": true, "process_mem_mib": 24710.0, "process_mem_share_percent": 50.28490028490028, "process_util_available": true, "process_util_backend": "nvml", "process_sm_util_percent": 24.0, "process_mem_util_percent": 4.0}
{"timestamp_unix": 1772442449.5072424, "pid": 112795, "device_index": 0, "gpu_uuid": "GPU-6f954bfd-7081-31b7-f15c-f9a174bf4d7f", "gpu_util_percent": 23.0, "gpu_mem_util_percent": 4.0, "gpu_mem_used_mib": 26808.0, "gpu_mem_total_mib": 49140.0, "gpu_power_w": 93.66, "process_present": true, "process_mem_mib": 26620.0, "process_mem_share_percent": 54.17175417175417, "process_util_available": true, "process_util_backend": "nvml", "process_sm_util_percent": 23.0, "process_mem_util_percent": 4.0}
{"timestamp_unix": 1772442449.817143, "pid": 112795, "device_index": 0, "gpu_uuid": "GPU-6f954bfd-7081-31b7-f15c-f9a174bf4d7f", "gpu_util_percent": 23.0, "gpu_mem_util_percent": 4.0, "gpu_mem_used_mib": 28760.0, "gpu_mem_total_mib": 49140.0, "gpu_power_w": 93.4, "process_present": true, "process_mem_mib": 28572.0, "process_mem_share_percent": 58.14407814407815, "process_util_available": true, "process_util_backend": "nvml", "process_sm_util_percent": 12.0, "process_mem_util_percent": 2.0}
{"timestamp_unix": 1772442450.1243148, "pid": 112795, "device_index": 0, "gpu_uuid": "GPU-6f954bfd-7081-31b7-f15c-f9a174bf4d7f", "gpu_util_percent": 23.0, "gpu_mem_util_percent": 4.0, "gpu_mem_used_mib": 30666.0, "gpu_mem_total_mib": 49140.0, "gpu_power_w": 93.4, "process_present": true, "process_mem_mib": 30466.0, "process_mem_share_percent": 61.998371998372, "process_util_available": true, "process_util_backend": "nvml", "process_sm_util_percent": 11.0, "process_mem_util_percent": 1.0}
{"timestamp_unix": 1772442450.4281788, "pid": 112795, "device_index": 0, "gpu_uuid": "GPU-6f954bfd-7081-31b7-f15c-f9a174bf4d7f", "gpu_util_percent": 23.0, "gpu_mem_util_percent": 4.0, "gpu_mem_used_mib": 32436.0, "gpu_mem_total_mib": 49140.0, "gpu_power_w": 93.33, "process_present": true, "process_mem_mib": 32096.0, "process_mem_share_percent": 65.31542531542532, "process_util_available": true, "process_util_backend": "nvml", "process_sm_util_percent": null, "process_mem_util_percent": null}
{"timestamp_unix": 1772442450.7308376, "pid": 112795, "device_index": 0, "gpu_uuid": "GPU-6f954bfd-7081-31b7-f15c-f9a174bf4d7f", "gpu_util_percent": 23.0, "gpu_mem_util_percent": 4.0, "gpu_mem_used_mib": 34358.0, "gpu_mem_total_mib": 49140.0, "gpu_power_w": 93.33, "process_present": true, "process_mem_mib": 34038.0, "process_mem_share_percent": 69.26739926739927, "process_util_available": true, "process_util_backend": "nvml", "process_sm_util_percent": 11.0, "process_mem_util_percent": 1.0}
{"timestamp_unix": 1772442451.0239797, "pid": 112795, "device_index": 0, "gpu_uuid": "GPU-6f954bfd-7081-31b7-f15c-f9a174bf4d7f", "gpu_util_percent": 23.0, "gpu_mem_util_percent": 5.0, "gpu_mem_used_mib": 36378.0, "gpu_mem_total_mib": 49140.0, "gpu_power_w": 93.41, "process_present": true, "process_mem_mib": 36168.0, "process_mem_share_percent": 73.60195360195361, "process_util_available": true, "process_util_backend": "nvml", "process_sm_util_percent": null, "process_mem_util_percent": null}
{"timestamp_unix": 1772442451.3167045, "pid": 112795, "device_index": 0, "gpu_uuid": "GPU-6f954bfd-7081-31b7-f15c-f9a174bf4d7f", "gpu_util_percent": 23.0, "gpu_mem_util_percent": 5.0, "gpu_mem_used_mib": 38542.0, "gpu_mem_total_mib": 49140.0, "gpu_power_w": 93.21, "process_present": true, "process_mem_mib": 38358.0, "process_mem_share_percent": 78.05860805860806, "process_util_available": true, "process_util_backend": "nvml", "process_sm_util_percent": 23.0, "process_mem_util_percent": 4.0}
{"timestamp_unix": 1772442451.606348, "pid": 112795, "device_index": 0, "gpu_uuid": "GPU-6f954bfd-7081-31b7-f15c-f9a174bf4d7f", "gpu_util_percent": 23.0, "gpu_mem_util_percent": 5.0, "gpu_mem_used_mib": 40766.0, "gpu_mem_total_mib": 49140.0, "gpu_power_w": 93.21, "process_present": true, "process_mem_mib": 40562.0, "process_mem_share_percent": 82.54375254375255, "process_util_available": true, "process_util_backend": "nvml", "process_sm_util_percent": 23.0, "process_mem_util_percent": 4.0}
{"timestamp_unix": 1772442451.8989677, "pid": 112795, "device_index": 0, "gpu_uuid": "GPU-6f954bfd-7081-31b7-f15c-f9a174bf4d7f", "gpu_util_percent": 21.0, "gpu_mem_util_percent": 4.0, "gpu_mem_used_mib": 42974.0, "gpu_mem_total_mib": 49140.0, "gpu_power_w": 93.49, "process_present": true, "process_mem_mib": 42734.0, "process_mem_share_percent": 86.96377696377697, "process_util_available": true, "process_util_backend": "nvml", "process_sm_util_percent": 22.0, "process_mem_util_percent": 4.0}
{"timestamp_unix": 1772442452.1908615, "pid": 112795, "device_index": 0, "gpu_uuid": "GPU-6f954bfd-7081-31b7-f15c-f9a174bf4d7f", "gpu_util_percent": 21.0, "gpu_mem_util_percent": 4.0, "gpu_mem_used_mib": 45226.0, "gpu_mem_total_mib": 49140.0, "gpu_power_w": 93.49, "process_present": true, "process_mem_mib": 45060.0, "process_mem_share_percent": 91.6971916971917, "process_util_available": true, "process_util_backend": "nvml", "process_sm_util_percent": 22.0, "process_mem_util_percent": 4.0}
{"timestamp_unix": 1772442452.4830627, "pid": 112795, "device_index": 0, "gpu_uuid": "GPU-6f954bfd-7081-31b7-f15c-f9a174bf4d7f", "gpu_util_percent": 21.0, "gpu_mem_util_percent": 4.0, "gpu_mem_used_mib": 47098.0, "gpu_mem_total_mib": 49140.0, "gpu_power_w": 93.74, "process_present": true, "process_mem_mib": 46598.0, "process_mem_share_percent": 94.82702482702483, "process_util_available": true, "process_util_backend": "nvml", "process_sm_util_percent": 21.0, "process_mem_util_percent": 4.0}
{"timestamp_unix": 1772442452.7966037, "pid": 112795, "device_index": 0, "gpu_uuid": "GPU-6f954bfd-7081-31b7-f15c-f9a174bf4d7f", "gpu_util_percent": 11.0, "gpu_mem_util_percent": 1.0, "gpu_mem_used_mib": 47276.0, "gpu_mem_total_mib": 49140.0, "gpu_power_w": 91.61, "process_present": true, "process_mem_mib": 46776.0, "process_mem_share_percent": 95.18925518925518, "process_util_available": true, "process_util_backend": "nvml", "process_sm_util_percent": 9.0, "process_mem_util_percent": 1.0}
{"timestamp_unix": 1772442453.1003687, "pid": 112795, "device_index": 0, "gpu_uuid": "GPU-6f954bfd-7081-31b7-f15c-f9a174bf4d7f", "gpu_util_percent": 11.0, "gpu_mem_util_percent": 1.0, "gpu_mem_used_mib": 47276.0, "gpu_mem_total_mib": 49140.0, "gpu_power_w": 91.61, "process_present": true, "process_mem_mib": 46776.0, "process_mem_share_percent": 95.18925518925518, "process_util_available": true, "process_util_backend": "nvml", "process_sm_util_percent": 23.0, "process_mem_util_percent": 4.0}
{"timestamp_unix": 1772442453.4034708, "pid": 112795, "device_index": 0, "gpu_uuid": "GPU-6f954bfd-7081-31b7-f15c-f9a174bf4d7f", "gpu_util_percent": 11.0, "gpu_mem_util_percent": 1.0, "gpu_mem_used_mib": 47275.0, "gpu_mem_total_mib": 49140.0, "gpu_power_w": 92.58, "process_present": true, "process_mem_mib": 46776.0, "process_mem_share_percent": 95.18925518925518, "process_util_available": true, "process_util_backend": "nvml", "process_sm_util_percent": 22.0, "process_mem_util_percent": 4.0}
{"timestamp_unix": 1772442453.6949878, "pid": 112795, "device_index": 0, "gpu_uuid": "GPU-6f954bfd-7081-31b7-f15c-f9a174bf4d7f", "gpu_util_percent": 11.0, "gpu_mem_util_percent": 1.0, "gpu_mem_used_mib": 47275.0, "gpu_mem_total_mib": 49140.0, "gpu_power_w": 92.58, "process_present": true, "process_mem_mib": 46776.0, "process_mem_share_percent": 95.18925518925518, "process_util_available": true, "process_util_backend": "nvml", "process_sm_util_percent": 21.0, "process_mem_util_percent": 4.0}
{"timestamp_unix": 1772442453.9899466, "pid": 112795, "device_index": 0, "gpu_uuid": "GPU-6f954bfd-7081-31b7-f15c-f9a174bf4d7f", "gpu_util_percent": 21.0, "gpu_mem_util_percent": 5.0, "gpu_mem_used_mib": 47275.0, "gpu_mem_total_mib": 49140.0, "gpu_power_w": 94.98, "process_present": true, "process_mem_mib": 46776.0, "process_mem_share_percent": 95.18925518925518, "process_util_available": true, "process_util_backend": "nvml", "process_sm_util_percent": 21.0, "process_mem_util_percent": 4.0}
{"timestamp_unix": 1772442454.2878041, "pid": 112795, "device_index": 0, "gpu_uuid": "GPU-6f954bfd-7081-31b7-f15c-f9a174bf4d7f", "gpu_util_percent": 21.0, "gpu_mem_util_percent": 5.0, "gpu_mem_used_mib": 47275.0, "gpu_mem_total_mib": 49140.0, "gpu_power_w": 96.16, "process_present": true, "process_mem_mib": 46776.0, "process_mem_share_percent": 95.18925518925518, "process_util_available": true, "process_util_backend": "nvml", "process_sm_util_percent": 23.0, "process_mem_util_percent": 4.0}
{"timestamp_unix": 1772442454.5767577, "pid": 112795, "device_index": 0, "gpu_uuid": "GPU-6f954bfd-7081-31b7-f15c-f9a174bf4d7f", "gpu_util_percent": 21.0, "gpu_mem_util_percent": 5.0, "gpu_mem_used_mib": 47275.0, "gpu_mem_total_mib": 49140.0, "gpu_power_w": 96.16, "process_present": true, "process_mem_mib": 46776.0, "process_mem_share_percent": 95.18925518925518, "process_util_available": true, "process_util_backend": "nvml", "process_sm_util_percent": 23.0, "process_mem_util_percent": 4.0}
{"timestamp_unix": 1772442454.8691308, "pid": 112795, "device_index": 0, "gpu_uuid": "GPU-6f954bfd-7081-31b7-f15c-f9a174bf4d7f", "gpu_util_percent": 23.0, "gpu_mem_util_percent": 4.0, "gpu_mem_used_mib": 47275.0, "gpu_mem_total_mib": 49140.0, "gpu_power_w": 95.89, "process_present": true, "process_mem_mib": 46776.0, "process_mem_share_percent": 95.18925518925518, "process_util_available": true, "process_util_backend": "nvml", "process_sm_util_percent": 24.0, "process_mem_util_percent": 4.0}
{"timestamp_unix": 1772442455.1668582, "pid": 112795, "device_index": 0, "gpu_uuid": "GPU-6f954bfd-7081-31b7-f15c-f9a174bf4d7f", "gpu_util_percent": 23.0, "gpu_mem_util_percent": 4.0, "gpu_mem_used_mib": 47275.0, "gpu_mem_total_mib": 49140.0, "gpu_power_w": 95.89, "process_present": true, "process_mem_mib": 46776.0, "process_mem_share_percent": 95.18925518925518, "process_util_available": true, "process_util_backend": "nvml", "process_sm_util_percent": 25.0, "process_mem_util_percent": 4.0}
{"timestamp_unix": 1772442455.4675305, "pid": 112795, "device_index": 0, "gpu_uuid": "GPU-6f954bfd-7081-31b7-f15c-f9a174bf4d7f", "gpu_util_percent": 23.0, "gpu_mem_util_percent": 4.0, "gpu_mem_used_mib": 47271.0, "gpu_mem_total_mib": 49140.0, "gpu_power_w": 95.75, "process_present": true, "process_mem_mib": 46776.0, "process_mem_share_percent": 95.18925518925518, "process_util_available": true, "process_util_backend": "nvml", "process_sm_util_percent": 25.0, "process_mem_util_percent": 4.0}
{"timestamp_unix": 1772442455.7683935, "pid": 112795, "device_index": 0, "gpu_uuid": "GPU-6f954bfd-7081-31b7-f15c-f9a174bf4d7f", "gpu_util_percent": 25.0, "gpu_mem_util_percent": 4.0, "gpu_mem_used_mib": 47271.0, "gpu_mem_total_mib": 49140.0, "gpu_power_w": 95.46, "process_present": true, "process_mem_mib": 46776.0, "process_mem_share_percent": 95.18925518925518, "process_util_available": true, "process_util_backend": "nvml", "process_sm_util_percent": 25.0, "process_mem_util_percent": 4.0}
{"timestamp_unix": 1772442456.0696654, "pid": 112795, "device_index": 0, "gpu_uuid": "GPU-6f954bfd-7081-31b7-f15c-f9a174bf4d7f", "gpu_util_percent": 25.0, "gpu_mem_util_percent": 4.0, "gpu_mem_used_mib": 47271.0, "gpu_mem_total_mib": 49140.0, "gpu_power_w": 95.46, "process_present": true, "process_mem_mib": 46776.0, "process_mem_share_percent": 95.18925518925518, "process_util_available": true, "process_util_backend": "nvml", "process_sm_util_percent": 25.0, "process_mem_util_percent": 4.0}
{"timestamp_unix": 1772442456.3621383, "pid": 112795, "device_index": 0, "gpu_uuid": "GPU-6f954bfd-7081-31b7-f15c-f9a174bf4d7f", "gpu_util_percent": 25.0, "gpu_mem_util_percent": 4.0, "gpu_mem_used_mib": 47271.0, "gpu_mem_total_mib": 49140.0, "gpu_power_w": 95.26, "process_present": true, "process_mem_mib": 46776.0, "process_mem_share_percent": 95.18925518925518, "process_util_available": true, "process_util_backend": "nvml", "process_sm_util_percent": 26.0, "process_mem_util_percent": 4.0}
{"timestamp_unix": 1772442456.6543293, "pid": 112795, "device_index": 0, "gpu_uuid": "GPU-6f954bfd-7081-31b7-f15c-f9a174bf4d7f", "gpu_util_percent": 25.0, "gpu_mem_util_percent": 4.0, "gpu_mem_used_mib": 47273.0, "gpu_mem_total_mib": 49140.0, "gpu_power_w": 95.26, "process_present": true, "process_mem_mib": 46776.0, "process_mem_share_percent": 95.18925518925518, "process_util_available": true, "process_util_backend": "nvml", "process_sm_util_percent": 25.0, "process_mem_util_percent": 4.0}
{"timestamp_unix": 1772442456.9523885, "pid": 112795, "device_index": 0, "gpu_uuid": "GPU-6f954bfd-7081-31b7-f15c-f9a174bf4d7f", "gpu_util_percent": 24.0, "gpu_mem_util_percent": 4.0, "gpu_mem_used_mib": 47273.0, "gpu_mem_total_mib": 49140.0, "gpu_power_w": 95.03, "process_present": true, "process_mem_mib": 46776.0, "process_mem_share_percent": 95.18925518925518, "process_util_available": true, "process_util_backend": "nvml", "process_sm_util_percent": 25.0, "process_mem_util_percent": 3.0}
{"timestamp_unix": 1772442457.2438815, "pid": 112795, "device_index": 0, "gpu_uuid": "GPU-6f954bfd-7081-31b7-f15c-f9a174bf4d7f", "gpu_util_percent": 24.0, "gpu_mem_util_percent": 4.0, "gpu_mem_used_mib": 47273.0, "gpu_mem_total_mib": 49140.0, "gpu_power_w": 95.03, "process_present": true, "process_mem_mib": 46776.0, "process_mem_share_percent": 95.18925518925518, "process_util_available": true, "process_util_backend": "nvml", "process_sm_util_percent": 25.0, "process_mem_util_percent": 3.0}
{"timestamp_unix": 1772442457.5366821, "pid": 112795, "device_index": 0, "gpu_uuid": "GPU-6f954bfd-7081-31b7-f15c-f9a174bf4d7f", "gpu_util_percent": 24.0, "gpu_mem_util_percent": 4.0, "gpu_mem_used_mib": 47273.0, "gpu_mem_total_mib": 49140.0, "gpu_power_w": 94.84, "process_present": true, "process_mem_mib": 46776.0, "process_mem_share_percent": 95.18925518925518, "process_util_available": true, "process_util_backend": "nvml", "process_sm_util_percent": 25.0, "process_mem_util_percent": 3.0}
{"timestamp_unix": 1772442457.8275902, "pid": 112795, "device_index": 0, "gpu_uuid": "GPU-6f954bfd-7081-31b7-f15c-f9a174bf4d7f", "gpu_util_percent": 24.0, "gpu_mem_util_percent": 4.0, "gpu_mem_used_mib": 47273.0, "gpu_mem_total_mib": 49140.0, "gpu_power_w": 94.61, "process_present": true, "process_mem_mib": 46776.0, "process_mem_share_percent": 95.18925518925518, "process_util_available": true, "process_util_backend": "nvml", "process_sm_util_percent": 24.0, "process_mem_util_percent": 3.0}
{"timestamp_unix": 1772442458.134503, "pid": 112795, "device_index": 0, "gpu_uuid": "GPU-6f954bfd-7081-31b7-f15c-f9a174bf4d7f", "gpu_util_percent": 24.0, "gpu_mem_util_percent": 4.0, "gpu_mem_used_mib": 47273.0, "gpu_mem_total_mib": 49140.0, "gpu_power_w": 94.61, "process_present": true, "process_mem_mib": 46776.0, "process_mem_share_percent": 95.18925518925518, "process_util_available": true, "process_util_backend": "nvml", "process_sm_util_percent": 25.0, "process_mem_util_percent": 3.0}
{"timestamp_unix": 1772442458.4352512, "pid": 112795, "device_index": 0, "gpu_uuid": "GPU-6f954bfd-7081-31b7-f15c-f9a174bf4d7f", "gpu_util_percent": 24.0, "gpu_mem_util_percent": 4.0, "gpu_mem_used_mib": 47272.0, "gpu_mem_total_mib": 49140.0, "gpu_power_w": 94.4, "process_present": true, "process_mem_mib": 46776.0, "process_mem_share_percent": 95.18925518925518, "process_util_available": true, "process_util_backend": "nvml", "process_sm_util_percent": 24.0, "process_mem_util_percent": 3.0}
{"timestamp_unix": 1772442458.7402244, "pid": 112795, "device_index": 0, "gpu_uuid": "GPU-6f954bfd-7081-31b7-f15c-f9a174bf4d7f", "gpu_util_percent": 24.0, "gpu_mem_util_percent": 4.0, "gpu_mem_used_mib": 47272.0, "gpu_mem_total_mib": 49140.0, "gpu_power_w": 94.4, "process_present": true, "process_mem_mib": 46776.0, "process_mem_share_percent": 95.18925518925518, "process_util_available": true, "process_util_backend": "nvml", "process_sm_util_percent": 24.0, "process_mem_util_percent": 3.0}
{"timestamp_unix": 1772442459.035168, "pid": 112795, "device_index": 0, "gpu_uuid": "GPU-6f954bfd-7081-31b7-f15c-f9a174bf4d7f", "gpu_util_percent": 24.0, "gpu_mem_util_percent": 3.0, "gpu_mem_used_mib": 47272.0, "gpu_mem_total_mib": 49140.0, "gpu_power_w": 94.05, "process_present": true, "process_mem_mib": 46776.0, "process_mem_share_percent": 95.18925518925518, "process_util_available": true, "process_util_backend": "nvml", "process_sm_util_percent": 24.0, "process_mem_util_percent": 3.0}
{"timestamp_unix": 1772442459.3270226, "pid": 112795, "device_index": 0, "gpu_uuid": "GPU-6f954bfd-7081-31b7-f15c-f9a174bf4d7f", "gpu_util_percent": 24.0, "gpu_mem_util_percent": 3.0, "gpu_mem_used_mib": 47272.0, "gpu_mem_total_mib": 49140.0, "gpu_power_w": 93.9, "process_present": true, "process_mem_mib": 46776.0, "process_mem_share_percent": 95.18925518925518, "process_util_available": true, "process_util_backend": "nvml", "process_sm_util_percent": 13.0, "process_mem_util_percent": 1.0}
{"timestamp_unix": 1772442459.6221604, "pid": 112795, "device_index": 0, "gpu_uuid": "GPU-6f954bfd-7081-31b7-f15c-f9a174bf4d7f", "gpu_util_percent": 24.0, "gpu_mem_util_percent": 3.0, "gpu_mem_used_mib": 47272.0, "gpu_mem_total_mib": 49140.0, "gpu_power_w": 93.9, "process_present": true, "process_mem_mib": 46776.0, "process_mem_share_percent": 95.18925518925518, "process_util_available": true, "process_util_backend": "nvml", "process_sm_util_percent": 23.0, "process_mem_util_percent": 4.0}
{"timestamp_unix": 1772442459.913955, "pid": 112795, "device_index": 0, "gpu_uuid": "GPU-6f954bfd-7081-31b7-f15c-f9a174bf4d7f", "gpu_util_percent": 24.0, "gpu_mem_util_percent": 5.0, "gpu_mem_used_mib": 47272.0, "gpu_mem_total_mib": 49140.0, "gpu_power_w": 93.88, "process_present": true, "process_mem_mib": 46776.0, "process_mem_share_percent": 95.18925518925518, "process_util_available": true, "process_util_backend": "nvml", "process_sm_util_percent": 24.0, "process_mem_util_percent": 5.0}
{"timestamp_unix": 1772442460.2180583, "pid": 112795, "device_index": 0, "gpu_uuid": "GPU-6f954bfd-7081-31b7-f15c-f9a174bf4d7f", "gpu_util_percent": 24.0, "gpu_mem_util_percent": 5.0, "gpu_mem_used_mib": 47272.0, "gpu_mem_total_mib": 49140.0, "gpu_power_w": 93.88, "process_present": true, "process_mem_mib": 46776.0, "process_mem_share_percent": 95.18925518925518, "process_util_available": true, "process_util_backend": "nvml", "process_sm_util_percent": 25.0, "process_mem_util_percent": 5.0}
{"timestamp_unix": 1772442460.5097446, "pid": 112795, "device_index": 0, "gpu_uuid": "GPU-6f954bfd-7081-31b7-f15c-f9a174bf4d7f", "gpu_util_percent": 24.0, "gpu_mem_util_percent": 5.0, "gpu_mem_used_mib": 47272.0, "gpu_mem_total_mib": 49140.0, "gpu_power_w": 95.13, "process_present": true, "process_mem_mib": 46776.0, "process_mem_share_percent": 95.18925518925518, "process_util_available": true, "process_util_backend": "nvml", "process_sm_util_percent": 13.0, "process_mem_util_percent": 2.0}
{"timestamp_unix": 1772442460.8194962, "pid": 112795, "device_index": 0, "gpu_uuid": "GPU-6f954bfd-7081-31b7-f15c-f9a174bf4d7f", "gpu_util_percent": 26.0, "gpu_mem_util_percent": 6.0, "gpu_mem_used_mib": 47272.0, "gpu_mem_total_mib": 49140.0, "gpu_power_w": 96.9, "process_present": true, "process_mem_mib": 46776.0, "process_mem_share_percent": 95.18925518925518, "process_util_available": true, "process_util_backend": "nvml", "process_sm_util_percent": 25.0, "process_mem_util_percent": 5.0}
{"timestamp_unix": 1772442461.1198173, "pid": 112795, "device_index": 0, "gpu_uuid": "GPU-6f954bfd-7081-31b7-f15c-f9a174bf4d7f", "gpu_util_percent": 26.0, "gpu_mem_util_percent": 6.0, "gpu_mem_used_mib": 47272.0, "gpu_mem_total_mib": 49140.0, "gpu_power_w": 96.9, "process_present": true, "process_mem_mib": 46776.0, "process_mem_share_percent": 95.18925518925518, "process_util_available": true, "process_util_backend": "nvml", "process_sm_util_percent": 25.0, "process_mem_util_percent": 5.0}
{"timestamp_unix": 1772442461.4199762, "pid": 112795, "device_index": 0, "gpu_uuid": "GPU-6f954bfd-7081-31b7-f15c-f9a174bf4d7f", "gpu_util_percent": 26.0, "gpu_mem_util_percent": 6.0, "gpu_mem_used_mib": 47272.0, "gpu_mem_total_mib": 49140.0, "gpu_power_w": 97.36, "process_present": true, "process_mem_mib": 46776.0, "process_mem_share_percent": 95.18925518925518, "process_util_available": true, "process_util_backend": "nvml", "process_sm_util_percent": 25.0, "process_mem_util_percent": 5.0}
{"timestamp_unix": 1772442461.719592, "pid": 112795, "device_index": 0, "gpu_uuid": "GPU-6f954bfd-7081-31b7-f15c-f9a174bf4d7f", "gpu_util_percent": 26.0, "gpu_mem_util_percent": 6.0, "gpu_mem_used_mib": 47271.0, "gpu_mem_total_mib": 49140.0, "gpu_power_w": 97.36, "process_present": true, "process_mem_mib": 46776.0, "process_mem_share_percent": 95.18925518925518, "process_util_available": true, "process_util_backend": "nvml", "process_sm_util_percent": 25.0, "process_mem_util_percent": 5.0}
{"timestamp_unix": 1772442462.0433323, "pid": 112795, "device_index": 0, "gpu_uuid": "GPU-6f954bfd-7081-31b7-f15c-f9a174bf4d7f", "gpu_util_percent": 25.0, "gpu_mem_util_percent": 6.0, "gpu_mem_used_mib": 47271.0, "gpu_mem_total_mib": 49140.0, "gpu_power_w": 97.6, "process_present": true, "process_mem_mib": 46776.0, "process_mem_share_percent": 95.18925518925518, "process_util_available": true, "process_util_backend": "nvml", "process_sm_util_percent": null, "process_mem_util_percent": null}
{"timestamp_unix": 1772442462.3391314, "pid": 112795, "device_index": 0, "gpu_uuid": "GPU-6f954bfd-7081-31b7-f15c-f9a174bf4d7f", "gpu_util_percent": 25.0, "gpu_mem_util_percent": 6.0, "gpu_mem_used_mib": 47271.0, "gpu_mem_total_mib": 49140.0, "gpu_power_w": 95.34, "process_present": true, "process_mem_mib": 46776.0, "process_mem_share_percent": 95.18925518925518, "process_util_available": true, "process_util_backend": "nvml", "process_sm_util_percent": 24.0, "process_mem_util_percent": 4.0}
{"timestamp_unix": 1772442462.6299846, "pid": 112795, "device_index": 0, "gpu_uuid": "GPU-6f954bfd-7081-31b7-f15c-f9a174bf4d7f", "gpu_util_percent": 25.0, "gpu_mem_util_percent": 6.0, "gpu_mem_used_mib": 47271.0, "gpu_mem_total_mib": 49140.0, "gpu_power_w": 95.34, "process_present": true, "process_mem_mib": 46776.0, "process_mem_share_percent": 95.18925518925518, "process_util_available": true, "process_util_backend": "nvml", "process_sm_util_percent": 24.0, "process_mem_util_percent": 5.0}
{"timestamp_unix": 1772442462.9230604, "pid": 112795, "device_index": 0, "gpu_uuid": "GPU-6f954bfd-7081-31b7-f15c-f9a174bf4d7f", "gpu_util_percent": 25.0, "gpu_mem_util_percent": 6.0, "gpu_mem_used_mib": 47271.0, "gpu_mem_total_mib": 49140.0, "gpu_power_w": 95.29, "process_present": true, "process_mem_mib": 46776.0, "process_mem_share_percent": 95.18925518925518, "process_util_available": true, "process_util_backend": "nvml", "process_sm_util_percent": 25.0, "process_mem_util_percent": 5.0}
{"timestamp_unix": 1772442463.215282, "pid": 112795, "device_index": 0, "gpu_uuid": "GPU-6f954bfd-7081-31b7-f15c-f9a174bf4d7f", "gpu_util_percent": 25.0, "gpu_mem_util_percent": 6.0, "gpu_mem_used_mib": 47271.0, "gpu_mem_total_mib": 49140.0, "gpu_power_w": 95.29, "process_present": true, "process_mem_mib": 46776.0, "process_mem_share_percent": 95.18925518925518, "process_util_available": true, "process_util_backend": "nvml", "process_sm_util_percent": 25.0, "process_mem_util_percent": 5.0}
{"timestamp_unix": 1772442463.513604, "pid": 112795, "device_index": 0, "gpu_uuid": "GPU-6f954bfd-7081-31b7-f15c-f9a174bf4d7f", "gpu_util_percent": 25.0, "gpu_mem_util_percent": 6.0, "gpu_mem_used_mib": 47271.0, "gpu_mem_total_mib": 49140.0, "gpu_power_w": 97.51, "process_present": true, "process_mem_mib": 46776.0, "process_mem_share_percent": 95.18925518925518, "process_util_available": true, "process_util_backend": "nvml", "process_sm_util_percent": 25.0, "process_mem_util_percent": 5.0}
{"timestamp_unix": 1772442463.817815, "pid": 112795, "device_index": 0, "gpu_uuid": "GPU-6f954bfd-7081-31b7-f15c-f9a174bf4d7f", "gpu_util_percent": 27.0, "gpu_mem_util_percent": 6.0, "gpu_mem_used_mib": 47273.0, "gpu_mem_total_mib": 49140.0, "gpu_power_w": 97.81, "process_present": true, "process_mem_mib": 46776.0, "process_mem_share_percent": 95.18925518925518, "process_util_available": true, "process_util_backend": "nvml", "process_sm_util_percent": 26.0, "process_mem_util_percent": 6.0}
{"timestamp_unix": 1772442464.1192636, "pid": 112795, "device_index": 0, "gpu_uuid": "GPU-6f954bfd-7081-31b7-f15c-f9a174bf4d7f", "gpu_util_percent": 27.0, "gpu_mem_util_percent": 6.0, "gpu_mem_used_mib": 47273.0, "gpu_mem_total_mib": 49140.0, "gpu_power_w": 97.81, "process_present": true, "process_mem_mib": 46776.0, "process_mem_share_percent": 95.18925518925518, "process_util_available": true, "process_util_backend": "nvml", "process_sm_util_percent": 26.0, "process_mem_util_percent": 6.0}
{"timestamp_unix": 1772442464.4122744, "pid": 112795, "device_index": 0, "gpu_uuid": "GPU-6f954bfd-7081-31b7-f15c-f9a174bf4d7f", "gpu_util_percent": 27.0, "gpu_mem_util_percent": 6.0, "gpu_mem_used_mib": 47649.0, "gpu_mem_total_mib": 49140.0, "gpu_power_w": 98.2, "process_present": true, "process_mem_mib": 47504.0, "process_mem_share_percent": 96.67073667073667, "process_util_available": true, "process_util_backend": "nvml", "process_sm_util_percent": 25.0, "process_mem_util_percent": 6.0}
{"timestamp_unix": 1772442464.7059152, "pid": 112795, "device_index": 0, "gpu_uuid": "GPU-6f954bfd-7081-31b7-f15c-f9a174bf4d7f", "gpu_util_percent": 27.0, "gpu_mem_util_percent": 6.0, "gpu_mem_used_mib": 48001.0, "gpu_mem_total_mib": 49140.0, "gpu_power_w": 98.2, "process_present": true, "process_mem_mib": 47504.0, "process_mem_share_percent": 96.67073667073667, "process_util_available": true, "process_util_backend": "nvml", "process_sm_util_percent": null, "process_mem_util_percent": null}
{"timestamp_unix": 1772442464.995291, "pid": 112795, "device_index": 0, "gpu_uuid": "GPU-6f954bfd-7081-31b7-f15c-f9a174bf4d7f", "gpu_util_percent": 13.0, "gpu_mem_util_percent": 1.0, "gpu_mem_used_mib": 48357.0, "gpu_mem_total_mib": 49140.0, "gpu_power_w": 95.52, "process_present": true, "process_mem_mib": 47860.0, "process_mem_share_percent": 97.3951973951974, "process_util_available": true, "process_util_backend": "nvml", "process_sm_util_percent": 12.0, "process_mem_util_percent": 2.0}
{"timestamp_unix": 1772442465.3024232, "pid": 112795, "device_index": 0, "gpu_uuid": "GPU-6f954bfd-7081-31b7-f15c-f9a174bf4d7f", "gpu_util_percent": 13.0, "gpu_mem_util_percent": 1.0, "gpu_mem_used_mib": 48357.0, "gpu_mem_total_mib": 49140.0, "gpu_power_w": 94.44, "process_present": true, "process_mem_mib": 47860.0, "process_mem_share_percent": 97.3951973951974, "process_util_available": true, "process_util_backend": "nvml", "process_sm_util_percent": 28.0, "process_mem_util_percent": 7.0}
{"timestamp_unix": 1772442465.5947928, "pid": 112795, "device_index": 0, "gpu_uuid": "GPU-6f954bfd-7081-31b7-f15c-f9a174bf4d7f", "gpu_util_percent": 13.0, "gpu_mem_util_percent": 1.0, "gpu_mem_used_mib": 48360.0, "gpu_mem_total_mib": 49140.0, "gpu_power_w": 94.44, "process_present": true, "process_mem_mib": 47860.0, "process_mem_share_percent": 97.3951973951974, "process_util_available": true, "process_util_backend": "nvml", "process_sm_util_percent": 27.0, "process_mem_util_percent": 6.0}
{"timestamp_unix": 1772442465.887487, "pid": 112795, "device_index": 0, "gpu_uuid": "GPU-6f954bfd-7081-31b7-f15c-f9a174bf4d7f", "gpu_util_percent": 27.0, "gpu_mem_util_percent": 7.0, "gpu_mem_used_mib": 48360.0, "gpu_mem_total_mib": 49140.0, "gpu_power_w": 96.58, "process_present": true, "process_mem_mib": 47860.0, "process_mem_share_percent": 97.3951973951974, "process_util_available": true, "process_util_backend": "nvml", "process_sm_util_percent": null, "process_mem_util_percent": null}
{"timestamp_unix": 1772442466.195177, "pid": 112795, "device_index": 0, "gpu_uuid": "GPU-6f954bfd-7081-31b7-f15c-f9a174bf4d7f", "gpu_util_percent": 27.0, "gpu_mem_util_percent": 7.0, "gpu_mem_used_mib": 48360.0, "gpu_mem_total_mib": 49140.0, "gpu_power_w": 96.58, "process_present": true, "process_mem_mib": 47860.0, "process_mem_share_percent": 97.3951973951974, "process_util_available": true, "process_util_backend": "nvml", "process_sm_util_percent": null, "process_mem_util_percent": null}
{"timestamp_unix": 1772442466.49991, "pid": 112795, "device_index": 0, "gpu_uuid": "GPU-6f954bfd-7081-31b7-f15c-f9a174bf4d7f", "gpu_util_percent": 27.0, "gpu_mem_util_percent": 7.0, "gpu_mem_used_mib": 48360.0, "gpu_mem_total_mib": 49140.0, "gpu_power_w": 99.61, "process_present": true, "process_mem_mib": 47860.0, "process_mem_share_percent": 97.3951973951974, "process_util_available": true, "process_util_backend": "nvml", "process_sm_util_percent": null, "process_mem_util_percent": null}
{"timestamp_unix": 1772442466.8120034, "pid": 112795, "device_index": 0, "gpu_uuid": "GPU-6f954bfd-7081-31b7-f15c-f9a174bf4d7f", "gpu_util_percent": 26.0, "gpu_mem_util_percent": 6.0, "gpu_mem_used_mib": 48360.0, "gpu_mem_total_mib": 49140.0, "gpu_power_w": 99.46, "process_present": true, "process_mem_mib": 47860.0, "process_mem_share_percent": 97.3951973951974, "process_util_available": true, "process_util_backend": "nvml", "process_sm_util_percent": 27.0, "process_mem_util_percent": 6.0}
{"timestamp_unix": 1772442467.1031122, "pid": 112795, "device_index": 0, "gpu_uuid": "GPU-6f954bfd-7081-31b7-f15c-f9a174bf4d7f", "gpu_util_percent": 26.0, "gpu_mem_util_percent": 6.0, "gpu_mem_used_mib": 48360.0, "gpu_mem_total_mib": 49140.0, "gpu_power_w": 99.46, "process_present": true, "process_mem_mib": 47860.0, "process_mem_share_percent": 97.3951973951974, "process_util_available": true, "process_util_backend": "nvml", "process_sm_util_percent": 26.0, "process_mem_util_percent": 6.0}
{"timestamp_unix": 1772442467.3941782, "pid": 112795, "device_index": 0, "gpu_uuid": "GPU-6f954bfd-7081-31b7-f15c-f9a174bf4d7f", "gpu_util_percent": 26.0, "gpu_mem_util_percent": 6.0, "gpu_mem_used_mib": 48360.0, "gpu_mem_total_mib": 49140.0, "gpu_power_w": 99.35, "process_present": true, "process_mem_mib": 47860.0, "process_mem_share_percent": 97.3951973951974, "process_util_available": true, "process_util_backend": "nvml", "process_sm_util_percent": 27.0, "process_mem_util_percent": 6.0}
{"timestamp_unix": 1772442467.6876774, "pid": 112795, "device_index": 0, "gpu_uuid": "GPU-6f954bfd-7081-31b7-f15c-f9a174bf4d7f", "gpu_util_percent": 26.0, "gpu_mem_util_percent": 6.0, "gpu_mem_used_mib": 48360.0, "gpu_mem_total_mib": 49140.0, "gpu_power_w": 99.35, "process_present": true, "process_mem_mib": 47860.0, "process_mem_share_percent": 97.3951973951974, "process_util_available": true, "process_util_backend": "nvml", "process_sm_util_percent": 26.0, "process_mem_util_percent": 6.0}
{"timestamp_unix": 1772442467.9771116, "pid": 112795, "device_index": 0, "gpu_uuid": "GPU-6f954bfd-7081-31b7-f15c-f9a174bf4d7f", "gpu_util_percent": 26.0, "gpu_mem_util_percent": 6.0, "gpu_mem_used_mib": 48360.0, "gpu_mem_total_mib": 49140.0, "gpu_power_w": 99.01, "process_present": true, "process_mem_mib": 47860.0, "process_mem_share_percent": 97.3951973951974, "process_util_available": true, "process_util_backend": "nvml", "process_sm_util_percent": 26.0, "process_mem_util_percent": 6.0}
{"timestamp_unix": 1772442468.2708402, "pid": 112795, "device_index": 0, "gpu_uuid": "GPU-6f954bfd-7081-31b7-f15c-f9a174bf4d7f", "gpu_util_percent": 26.0, "gpu_mem_util_percent": 6.0, "gpu_mem_used_mib": 48359.0, "gpu_mem_total_mib": 49140.0, "gpu_power_w": 98.9, "process_present": true, "process_mem_mib": 47860.0, "process_mem_share_percent": 97.3951973951974, "process_util_available": true, "process_util_backend": "nvml", "process_sm_util_percent": 26.0, "process_mem_util_percent": 6.0}
{"timestamp_unix": 1772442468.5615478, "pid": 112795, "device_index": 0, "gpu_uuid": "GPU-6f954bfd-7081-31b7-f15c-f9a174bf4d7f", "gpu_util_percent": 26.0, "gpu_mem_util_percent": 6.0, "gpu_mem_used_mib": 48359.0, "gpu_mem_total_mib": 49140.0, "gpu_power_w": 98.9, "process_present": true, "process_mem_mib": 47860.0, "process_mem_share_percent": 97.3951973951974, "process_util_available": true, "process_util_backend": "nvml", "process_sm_util_percent": 25.0, "process_mem_util_percent": 5.0}
{"timestamp_unix": 1772442468.8687756, "pid": 112795, "device_index": 0, "gpu_uuid": "GPU-6f954bfd-7081-31b7-f15c-f9a174bf4d7f", "gpu_util_percent": 26.0, "gpu_mem_util_percent": 5.0, "gpu_mem_used_mib": 48358.0, "gpu_mem_total_mib": 49140.0, "gpu_power_w": 98.28, "process_present": true, "process_mem_mib": 47860.0, "process_mem_share_percent": 97.3951973951974, "process_util_available": true, "process_util_backend": "nvml", "process_sm_util_percent": 25.0, "process_mem_util_percent": 4.0}
{"timestamp_unix": 1772442469.18614, "pid": 112795, "device_index": 0, "gpu_uuid": "GPU-6f954bfd-7081-31b7-f15c-f9a174bf4d7f", "gpu_util_percent": 26.0, "gpu_mem_util_percent": 5.0, "gpu_mem_used_mib": 48359.0, "gpu_mem_total_mib": 49140.0, "gpu_power_w": 98.28, "process_present": true, "process_mem_mib": 47860.0, "process_mem_share_percent": 97.3951973951974, "process_util_available": true, "process_util_backend": "nvml", "process_sm_util_percent": 26.0, "process_mem_util_percent": 4.0}
{"timestamp_unix": 1772442469.4866343, "pid": 112795, "device_index": 0, "gpu_uuid": "GPU-6f954bfd-7081-31b7-f15c-f9a174bf4d7f", "gpu_util_percent": 26.0, "gpu_mem_util_percent": 5.0, "gpu_mem_used_mib": 48359.0, "gpu_mem_total_mib": 49140.0, "gpu_power_w": 97.2, "process_present": true, "process_mem_mib": 47860.0, "process_mem_share_percent": 97.3951973951974, "process_util_available": true, "process_util_backend": "nvml", "process_sm_util_percent": 25.0, "process_mem_util_percent": 4.0}
{"timestamp_unix": 1772442469.7820914, "pid": 112795, "device_index": 0, "gpu_uuid": "GPU-6f954bfd-7081-31b7-f15c-f9a174bf4d7f", "gpu_util_percent": 25.0, "gpu_mem_util_percent": 4.0, "gpu_mem_used_mib": 48359.0, "gpu_mem_total_mib": 49140.0, "gpu_power_w": 96.56, "process_present": true, "process_mem_mib": 47860.0, "process_mem_share_percent": 97.3951973951974, "process_util_available": true, "process_util_backend": "nvml", "process_sm_util_percent": 25.0, "process_mem_util_percent": 4.0}
{"timestamp_unix": 1772442470.0755968, "pid": 112795, "device_index": 0, "gpu_uuid": "GPU-6f954bfd-7081-31b7-f15c-f9a174bf4d7f", "gpu_util_percent": 25.0, "gpu_mem_util_percent": 4.0, "gpu_mem_used_mib": 48359.0, "gpu_mem_total_mib": 49140.0, "gpu_power_w": 96.56, "process_present": true, "process_mem_mib": 47860.0, "process_mem_share_percent": 97.3951973951974, "process_util_available": true, "process_util_backend": "nvml", "process_sm_util_percent": 24.0, "process_mem_util_percent": 4.0}
{"timestamp_unix": 1772442470.369428, "pid": 112795, "device_index": 0, "gpu_uuid": "GPU-6f954bfd-7081-31b7-f15c-f9a174bf4d7f", "gpu_util_percent": 25.0, "gpu_mem_util_percent": 4.0, "gpu_mem_used_mib": 48355.0, "gpu_mem_total_mib": 49140.0, "gpu_power_w": 96.47, "process_present": true, "process_mem_mib": 47860.0, "process_mem_share_percent": 97.3951973951974, "process_util_available": true, "process_util_backend": "nvml", "process_sm_util_percent": 26.0, "process_mem_util_percent": 4.0}
{"timestamp_unix": 1772442470.6608388, "pid": 112795, "device_index": 0, "gpu_uuid": "GPU-6f954bfd-7081-31b7-f15c-f9a174bf4d7f", "gpu_util_percent": 25.0, "gpu_mem_util_percent": 4.0, "gpu_mem_used_mib": 48355.0, "gpu_mem_total_mib": 49140.0, "gpu_power_w": 96.47, "process_present": true, "process_mem_mib": 47860.0, "process_mem_share_percent": 97.3951973951974, "process_util_available": true, "process_util_backend": "nvml", "process_sm_util_percent": 25.0, "process_mem_util_percent": 4.0}
{"timestamp_unix": 1772442470.9555628, "pid": 112795, "device_index": 0, "gpu_uuid": "GPU-6f954bfd-7081-31b7-f15c-f9a174bf4d7f", "gpu_util_percent": 25.0, "gpu_mem_util_percent": 4.0, "gpu_mem_used_mib": 48355.0, "gpu_mem_total_mib": 49140.0, "gpu_power_w": 96.24, "process_present": true, "process_mem_mib": 47860.0, "process_mem_share_percent": 97.3951973951974, "process_util_available": true, "process_util_backend": "nvml", "process_sm_util_percent": 24.0, "process_mem_util_percent": 4.0}
{"timestamp_unix": 1772442471.2467537, "pid": 112795, "device_index": 0, "gpu_uuid": "GPU-6f954bfd-7081-31b7-f15c-f9a174bf4d7f", "gpu_util_percent": 25.0, "gpu_mem_util_percent": 4.0, "gpu_mem_used_mib": 48355.0, "gpu_mem_total_mib": 49140.0, "gpu_power_w": 96.24, "process_present": true, "process_mem_mib": 47860.0, "process_mem_share_percent": 97.3951973951974, "process_util_available": true, "process_util_backend": "nvml", "process_sm_util_percent": 24.0, "process_mem_util_percent": 3.0}
{"timestamp_unix": 1772442471.5509462, "pid": 112795, "device_index": 0, "gpu_uuid": "GPU-6f954bfd-7081-31b7-f15c-f9a174bf4d7f", "gpu_util_percent": 25.0, "gpu_mem_util_percent": 4.0, "gpu_mem_used_mib": 48355.0, "gpu_mem_total_mib": 49140.0, "gpu_power_w": 95.98, "process_present": true, "process_mem_mib": 47860.0, "process_mem_share_percent": 97.3951973951974, "process_util_available": true, "process_util_backend": "nvml", "process_sm_util_percent": 24.0, "process_mem_util_percent": 3.0}
{"timestamp_unix": 1772442471.851751, "pid": 112795, "device_index": 0, "gpu_uuid": "GPU-6f954bfd-7081-31b7-f15c-f9a174bf4d7f", "gpu_util_percent": 25.0, "gpu_mem_util_percent": 4.0, "gpu_mem_used_mib": 48355.0, "gpu_mem_total_mib": 49140.0, "gpu_power_w": 95.7, "process_present": true, "process_mem_mib": 47860.0, "process_mem_share_percent": 97.3951973951974, "process_util_available": true, "process_util_backend": "nvml", "process_sm_util_percent": null, "process_mem_util_percent": null}
{"timestamp_unix": 1772442472.1529498, "pid": 112795, "device_index": 0, "gpu_uuid": "GPU-6f954bfd-7081-31b7-f15c-f9a174bf4d7f", "gpu_util_percent": 25.0, "gpu_mem_util_percent": 4.0, "gpu_mem_used_mib": 48355.0, "gpu_mem_total_mib": 49140.0, "gpu_power_w": 95.7, "process_present": true, "process_mem_mib": 47860.0, "process_mem_share_percent": 97.3951973951974, "process_util_available": true, "process_util_backend": "nvml", "process_sm_util_percent": 23.0, "process_mem_util_percent": 5.0}
{"timestamp_unix": 1772442472.4516456, "pid": 112795, "device_index": 0, "gpu_uuid": "GPU-6f954bfd-7081-31b7-f15c-f9a174bf4d7f", "gpu_util_percent": 25.0, "gpu_mem_util_percent": 4.0, "gpu_mem_used_mib": 48354.0, "gpu_mem_total_mib": 49140.0, "gpu_power_w": 95.18, "process_present": true, "process_mem_mib": 47860.0, "process_mem_share_percent": 97.3951973951974, "process_util_available": true, "process_util_backend": "nvml", "process_sm_util_percent": 24.0, "process_mem_util_percent": 6.0}
{"timestamp_unix": 1772442472.747478, "pid": 112795, "device_index": 0, "gpu_uuid": "GPU-6f954bfd-7081-31b7-f15c-f9a174bf4d7f", "gpu_util_percent": 25.0, "gpu_mem_util_percent": 4.0, "gpu_mem_used_mib": 48354.0, "gpu_mem_total_mib": 49140.0, "gpu_power_w": 95.18, "process_present": true, "process_mem_mib": 47860.0, "process_mem_share_percent": 97.3951973951974, "process_util_available": true, "process_util_backend": "nvml", "process_sm_util_percent": 25.0, "process_mem_util_percent": 6.0}
{"timestamp_unix": 1772442473.0407162, "pid": 112795, "device_index": 0, "gpu_uuid": "GPU-6f954bfd-7081-31b7-f15c-f9a174bf4d7f", "gpu_util_percent": 26.0, "gpu_mem_util_percent": 6.0, "gpu_mem_used_mib": 48354.0, "gpu_mem_total_mib": 49140.0, "gpu_power_w": 96.52, "process_present": true, "process_mem_mib": 47860.0, "process_mem_share_percent": 97.3951973951974, "process_util_available": true, "process_util_backend": "nvml", "process_sm_util_percent": 25.0, "process_mem_util_percent": 6.0}
{"timestamp_unix": 1772442473.3361828, "pid": 112795, "device_index": 0, "gpu_uuid": "GPU-6f954bfd-7081-31b7-f15c-f9a174bf4d7f", "gpu_util_percent": 26.0, "gpu_mem_util_percent": 6.0, "gpu_mem_used_mib": 48354.0, "gpu_mem_total_mib": 49140.0, "gpu_power_w": 98.69, "process_present": true, "process_mem_mib": 47860.0, "process_mem_share_percent": 97.3951973951974, "process_util_available": true, "process_util_backend": "nvml", "process_sm_util_percent": 25.0, "process_mem_util_percent": 6.0}
{"timestamp_unix": 1772442473.6261733, "pid": 112795, "device_index": 0, "gpu_uuid": "GPU-6f954bfd-7081-31b7-f15c-f9a174bf4d7f", "gpu_util_percent": 26.0, "gpu_mem_util_percent": 6.0, "gpu_mem_used_mib": 48354.0, "gpu_mem_total_mib": 49140.0, "gpu_power_w": 98.69, "process_present": true, "process_mem_mib": 47860.0, "process_mem_share_percent": 97.3951973951974, "process_util_available": true, "process_util_backend": "nvml", "process_sm_util_percent": 25.0, "process_mem_util_percent": 6.0}
{"timestamp_unix": 1772442473.9198725, "pid": 112795, "device_index": 0, "gpu_uuid": "GPU-6f954bfd-7081-31b7-f15c-f9a174bf4d7f", "gpu_util_percent": 26.0, "gpu_mem_util_percent": 7.0, "gpu_mem_used_mib": 48354.0, "gpu_mem_total_mib": 49140.0, "gpu_power_w": 99.12, "process_present": true, "process_mem_mib": 47860.0, "process_mem_share_percent": 97.3951973951974, "process_util_available": true, "process_util_backend": "nvml", "process_sm_util_percent": 25.0, "process_mem_util_percent": 6.0}
{"timestamp_unix": 1772442474.208592, "pid": 112795, "device_index": 0, "gpu_uuid": "GPU-6f954bfd-7081-31b7-f15c-f9a174bf4d7f", "gpu_util_percent": 26.0, "gpu_mem_util_percent": 7.0, "gpu_mem_used_mib": 48353.0, "gpu_mem_total_mib": 49140.0, "gpu_power_w": 99.12, "process_present": true, "process_mem_mib": 47860.0, "process_mem_share_percent": 97.3951973951974, "process_util_available": true, "process_util_backend": "nvml", "process_sm_util_percent": 22.0, "process_mem_util_percent": 6.0}
{"timestamp_unix": 1772442474.5149152, "pid": 112795, "device_index": 0, "gpu_uuid": "GPU-6f954bfd-7081-31b7-f15c-f9a174bf4d7f", "gpu_util_percent": 26.0, "gpu_mem_util_percent": 7.0, "gpu_mem_used_mib": 48353.0, "gpu_mem_total_mib": 49140.0, "gpu_power_w": 99.41, "process_present": true, "process_mem_mib": 47860.0, "process_mem_share_percent": 97.3951973951974, "process_util_available": true, "process_util_backend": "nvml", "process_sm_util_percent": 23.0, "process_mem_util_percent": 6.0}
{"timestamp_unix": 1772442474.8183088, "pid": 112795, "device_index": 0, "gpu_uuid": "GPU-6f954bfd-7081-31b7-f15c-f9a174bf4d7f", "gpu_util_percent": 24.0, "gpu_mem_util_percent": 7.0, "gpu_mem_used_mib": 48353.0, "gpu_mem_total_mib": 49140.0, "gpu_power_w": 99.63, "process_present": true, "process_mem_mib": 47860.0, "process_mem_share_percent": 97.3951973951974, "process_util_available": true, "process_util_backend": "nvml", "process_sm_util_percent": 22.0, "process_mem_util_percent": 6.0}
{"timestamp_unix": 1772442475.119807, "pid": 112795, "device_index": 0, "gpu_uuid": "GPU-6f954bfd-7081-31b7-f15c-f9a174bf4d7f", "gpu_util_percent": 24.0, "gpu_mem_util_percent": 7.0, "gpu_mem_used_mib": 48353.0, "gpu_mem_total_mib": 49140.0, "gpu_power_w": 99.63, "process_present": true, "process_mem_mib": 47860.0, "process_mem_share_percent": 97.3951973951974, "process_util_available": true, "process_util_backend": "nvml", "process_sm_util_percent": 22.0, "process_mem_util_percent": 6.0}
{"timestamp_unix": 1772442475.4173646, "pid": 112795, "device_index": 0, "gpu_uuid": "GPU-6f954bfd-7081-31b7-f15c-f9a174bf4d7f", "gpu_util_percent": 24.0, "gpu_mem_util_percent": 7.0, "gpu_mem_used_mib": 48353.0, "gpu_mem_total_mib": 49140.0, "gpu_power_w": 99.81, "process_present": true, "process_mem_mib": 47860.0, "process_mem_share_percent": 97.3951973951974, "process_util_available": true, "process_util_backend": "nvml", "process_sm_util_percent": 22.0, "process_mem_util_percent": 7.0}
{"timestamp_unix": 1772442475.709796, "pid": 112795, "device_index": 0, "gpu_uuid": "GPU-6f954bfd-7081-31b7-f15c-f9a174bf4d7f", "gpu_util_percent": 24.0, "gpu_mem_util_percent": 7.0, "gpu_mem_used_mib": 48357.0, "gpu_mem_total_mib": 49140.0, "gpu_power_w": 99.81, "process_present": true, "process_mem_mib": 47860.0, "process_mem_share_percent": 97.3951973951974, "process_util_available": true, "process_util_backend": "nvml", "process_sm_util_percent": 24.0, "process_mem_util_percent": 7.0}
{"timestamp_unix": 1772442476.0039406, "pid": 112795, "device_index": 0, "gpu_uuid": "GPU-6f954bfd-7081-31b7-f15c-f9a174bf4d7f", "gpu_util_percent": 24.0, "gpu_mem_util_percent": 7.0, "gpu_mem_used_mib": 48357.0, "gpu_mem_total_mib": 49140.0, "gpu_power_w": 100.09, "process_present": true, "process_mem_mib": 47860.0, "process_mem_share_percent": 97.3951973951974, "process_util_available": true, "process_util_backend": "nvml", "process_sm_util_percent": 24.0, "process_mem_util_percent": 7.0}
{"timestamp_unix": 1772442476.2953773, "pid": 112795, "device_index": 0, "gpu_uuid": "GPU-6f954bfd-7081-31b7-f15c-f9a174bf4d7f", "gpu_util_percent": 24.0, "gpu_mem_util_percent": 7.0, "gpu_mem_used_mib": 48351.0, "gpu_mem_total_mib": 49140.0, "gpu_power_w": 100.4, "process_present": true, "process_mem_mib": 47860.0, "process_mem_share_percent": 97.3951973951974, "process_util_available": true, "process_util_backend": "nvml", "process_sm_util_percent": 24.0, "process_mem_util_percent": 7.0}
{"timestamp_unix": 1772442476.5901277, "pid": 112795, "device_index": 0, "gpu_uuid": "GPU-6f954bfd-7081-31b7-f15c-f9a174bf4d7f", "gpu_util_percent": 24.0, "gpu_mem_util_percent": 7.0, "gpu_mem_used_mib": 48449.0, "gpu_mem_total_mib": 49140.0, "gpu_power_w": 100.4, "process_present": true, "process_mem_mib": 47958.0, "process_mem_share_percent": 97.5946275946276, "process_util_available": true, "process_util_backend": "nvml", "process_sm_util_percent": 13.0, "process_mem_util_percent": 3.0}
{"timestamp_unix": 1772442476.8866217, "pid": 112795, "device_index": 0, "gpu_uuid": "GPU-6f954bfd-7081-31b7-f15c-f9a174bf4d7f", "gpu_util_percent": 14.0, "gpu_mem_util_percent": 1.0, "gpu_mem_used_mib": 48449.0, "gpu_mem_total_mib": 49140.0, "gpu_power_w": 98.01, "process_present": true, "process_mem_mib": 47958.0, "process_mem_share_percent": 97.5946275946276, "process_util_available": true, "process_util_backend": "nvml", "process_sm_util_percent": null, "process_mem_util_percent": null}
{"timestamp_unix": 1772442477.176045, "pid": 112795, "device_index": 0, "gpu_uuid": "GPU-6f954bfd-7081-31b7-f15c-f9a174bf4d7f", "gpu_util_percent": 14.0, "gpu_mem_util_percent": 1.0, "gpu_mem_used_mib": 48449.0, "gpu_mem_total_mib": 49140.0, "gpu_power_w": 98.01, "process_present": true, "process_mem_mib": 47958.0, "process_mem_share_percent": 97.5946275946276, "process_util_available": true, "process_util_backend": "nvml", "process_sm_util_percent": 10.0, "process_mem_util_percent": 0.0}
{"timestamp_unix": 1772442477.4849353, "pid": 112795, "device_index": 0, "gpu_uuid": "GPU-6f954bfd-7081-31b7-f15c-f9a174bf4d7f", "gpu_util_percent": 14.0, "gpu_mem_util_percent": 1.0, "gpu_mem_used_mib": 48449.0, "gpu_mem_total_mib": 49140.0, "gpu_power_w": 91.92, "process_present": true, "process_mem_mib": 47958.0, "process_mem_share_percent": 97.5946275946276, "process_util_available": true, "process_util_backend": "nvml", "process_sm_util_percent": 21.0, "process_mem_util_percent": 1.0}
{"timestamp_unix": 1772442477.7980404, "pid": 112795, "device_index": 0, "gpu_uuid": "GPU-6f954bfd-7081-31b7-f15c-f9a174bf4d7f", "gpu_util_percent": 26.0, "gpu_mem_util_percent": 5.0, "gpu_mem_used_mib": 48449.0, "gpu_mem_total_mib": 49140.0, "gpu_power_w": 89.28, "process_present": true, "process_mem_mib": 47958.0, "process_mem_share_percent": 97.5946275946276, "process_util_available": true, "process_util_backend": "nvml", "process_sm_util_percent": 23.0, "process_mem_util_percent": 3.0}
{"timestamp_unix": 1772442478.0908175, "pid": 112795, "device_index": 0, "gpu_uuid": "GPU-6f954bfd-7081-31b7-f15c-f9a174bf4d7f", "gpu_util_percent": 26.0, "gpu_mem_util_percent": 5.0, "gpu_mem_used_mib": 48448.0, "gpu_mem_total_mib": 49140.0, "gpu_power_w": 89.28, "process_present": true, "process_mem_mib": 47958.0, "process_mem_share_percent": 97.5946275946276, "process_util_available": true, "process_util_backend": "nvml", "process_sm_util_percent": 24.0, "process_mem_util_percent": 5.0}
{"timestamp_unix": 1772442478.3872385, "pid": 112795, "device_index": 0, "gpu_uuid": "GPU-6f954bfd-7081-31b7-f15c-f9a174bf4d7f", "gpu_util_percent": 26.0, "gpu_mem_util_percent": 5.0, "gpu_mem_used_mib": 48448.0, "gpu_mem_total_mib": 49140.0, "gpu_power_w": 93.54, "process_present": true, "process_mem_mib": 47958.0, "process_mem_share_percent": 97.5946275946276, "process_util_available": true, "process_util_backend": "nvml", "process_sm_util_percent": 25.0, "process_mem_util_percent": 5.0}
{"timestamp_unix": 1772442478.6781833, "pid": 112795, "device_index": 0, "gpu_uuid": "GPU-6f954bfd-7081-31b7-f15c-f9a174bf4d7f", "gpu_util_percent": 26.0, "gpu_mem_util_percent": 5.0, "gpu_mem_used_mib": 48448.0, "gpu_mem_total_mib": 49140.0, "gpu_power_w": 93.54, "process_present": true, "process_mem_mib": 47958.0, "process_mem_share_percent": 97.5946275946276, "process_util_available": true, "process_util_backend": "nvml", "process_sm_util_percent": 24.0, "process_mem_util_percent": 5.0}
{"timestamp_unix": 1772442478.97067, "pid": 112795, "device_index": 0, "gpu_uuid": "GPU-6f954bfd-7081-31b7-f15c-f9a174bf4d7f", "gpu_util_percent": 27.0, "gpu_mem_util_percent": 6.0, "gpu_mem_used_mib": 48448.0, "gpu_mem_total_mib": 49140.0, "gpu_power_w": 95.83, "process_present": true, "process_mem_mib": 47958.0, "process_mem_share_percent": 97.5946275946276, "process_util_available": true, "process_util_backend": "nvml", "process_sm_util_percent": 25.0, "process_mem_util_percent": 5.0}
{"timestamp_unix": 1772442479.2624097, "pid": 112795, "device_index": 0, "gpu_uuid": "GPU-6f954bfd-7081-31b7-f15c-f9a174bf4d7f", "gpu_util_percent": 27.0, "gpu_mem_util_percent": 6.0, "gpu_mem_used_mib": 48448.0, "gpu_mem_total_mib": 49140.0, "gpu_power_w": 96.49, "process_present": true, "process_mem_mib": 47958.0, "process_mem_share_percent": 97.5946275946276, "process_util_available": true, "process_util_backend": "nvml", "process_sm_util_percent": 25.0, "process_mem_util_percent": 6.0}
{"timestamp_unix": 1772442479.5558918, "pid": 112795, "device_index": 0, "gpu_uuid": "GPU-6f954bfd-7081-31b7-f15c-f9a174bf4d7f", "gpu_util_percent": 27.0, "gpu_mem_util_percent": 6.0, "gpu_mem_used_mib": 48448.0, "gpu_mem_total_mib": 49140.0, "gpu_power_w": 96.49, "process_present": true, "process_mem_mib": 47958.0, "process_mem_share_percent": 97.5946275946276, "process_util_available": true, "process_util_backend": "nvml", "process_sm_util_percent": 12.0, "process_mem_util_percent": 2.0}
{"timestamp_unix": 1772442479.849144, "pid": 112795, "device_index": 0, "gpu_uuid": "GPU-6f954bfd-7081-31b7-f15c-f9a174bf4d7f", "gpu_util_percent": 23.0, "gpu_mem_util_percent": 3.0, "gpu_mem_used_mib": 48448.0, "gpu_mem_total_mib": 49140.0, "gpu_power_w": 96.12, "process_present": true, "process_mem_mib": 47958.0, "process_mem_share_percent": 97.5946275946276, "process_util_available": true, "process_util_backend": "nvml", "process_sm_util_percent": 22.0, "process_mem_util_percent": 3.0}
{"timestamp_unix": 1772442480.1490645, "pid": 112795, "device_index": 0, "gpu_uuid": "GPU-6f954bfd-7081-31b7-f15c-f9a174bf4d7f", "gpu_util_percent": 23.0, "gpu_mem_util_percent": 3.0, "gpu_mem_used_mib": 48448.0, "gpu_mem_total_mib": 49140.0, "gpu_power_w": 96.12, "process_present": true, "process_mem_mib": 47958.0, "process_mem_share_percent": 97.5946275946276, "process_util_available": true, "process_util_backend": "nvml", "process_sm_util_percent": 23.0, "process_mem_util_percent": 3.0}
{"timestamp_unix": 1772442480.4521675, "pid": 112795, "device_index": 0, "gpu_uuid": "GPU-6f954bfd-7081-31b7-f15c-f9a174bf4d7f", "gpu_util_percent": 23.0, "gpu_mem_util_percent": 3.0, "gpu_mem_used_mib": 48444.0, "gpu_mem_total_mib": 49140.0, "gpu_power_w": 95.05, "process_present": true, "process_mem_mib": 47958.0, "process_mem_share_percent": 97.5946275946276, "process_util_available": true, "process_util_backend": "nvml", "process_sm_util_percent": 24.0, "process_mem_util_percent": 3.0}
{"timestamp_unix": 1772442480.7609127, "pid": 112795, "device_index": 0, "gpu_uuid": "GPU-6f954bfd-7081-31b7-f15c-f9a174bf4d7f", "gpu_util_percent": 23.0, "gpu_mem_util_percent": 3.0, "gpu_mem_used_mib": 48448.0, "gpu_mem_total_mib": 49140.0, "gpu_power_w": 95.05, "process_present": true, "process_mem_mib": 47958.0, "process_mem_share_percent": 97.5946275946276, "process_util_available": true, "process_util_backend": "nvml", "process_sm_util_percent": 24.0, "process_mem_util_percent": 3.0}
{"timestamp_unix": 1772442481.051907, "pid": 112795, "device_index": 0, "gpu_uuid": "GPU-6f954bfd-7081-31b7-f15c-f9a174bf4d7f", "gpu_util_percent": 25.0, "gpu_mem_util_percent": 4.0, "gpu_mem_used_mib": 48448.0, "gpu_mem_total_mib": 49140.0, "gpu_power_w": 94.24, "process_present": true, "process_mem_mib": 47958.0, "process_mem_share_percent": 97.5946275946276, "process_util_available": true, "process_util_backend": "nvml", "process_sm_util_percent": 24.0, "process_mem_util_percent": 3.0}
{"timestamp_unix": 1772442481.340787, "pid": 112795, "device_index": 0, "gpu_uuid": "GPU-6f954bfd-7081-31b7-f15c-f9a174bf4d7f", "gpu_util_percent": 25.0, "gpu_mem_util_percent": 4.0, "gpu_mem_used_mib": 48448.0, "gpu_mem_total_mib": 49140.0, "gpu_power_w": 94.64, "process_present": true, "process_mem_mib": 47958.0, "process_mem_share_percent": 97.5946275946276, "process_util_available": true, "process_util_backend": "nvml", "process_sm_util_percent": null, "process_mem_util_percent": null}
{"timestamp_unix": 1772442481.6326797, "pid": 112795, "device_index": 0, "gpu_uuid": "GPU-6f954bfd-7081-31b7-f15c-f9a174bf4d7f", "gpu_util_percent": 25.0, "gpu_mem_util_percent": 4.0, "gpu_mem_used_mib": 48448.0, "gpu_mem_total_mib": 49140.0, "gpu_power_w": 94.64, "process_present": true, "process_mem_mib": 47958.0, "process_mem_share_percent": 97.5946275946276, "process_util_available": true, "process_util_backend": "nvml", "process_sm_util_percent": null, "process_mem_util_percent": null}
{"timestamp_unix": 1772442481.9228659, "pid": 112795, "device_index": 0, "gpu_uuid": "GPU-6f954bfd-7081-31b7-f15c-f9a174bf4d7f", "gpu_util_percent": 24.0, "gpu_mem_util_percent": 3.0, "gpu_mem_used_mib": 48448.0, "gpu_mem_total_mib": 49140.0, "gpu_power_w": 94.52, "process_present": true, "process_mem_mib": 47958.0, "process_mem_share_percent": 97.5946275946276, "process_util_available": true, "process_util_backend": "nvml", "process_sm_util_percent": 12.0, "process_mem_util_percent": 1.0}
{"timestamp_unix": 1772442482.2125428, "pid": 112795, "device_index": 0, "gpu_uuid": "GPU-6f954bfd-7081-31b7-f15c-f9a174bf4d7f", "gpu_util_percent": 24.0, "gpu_mem_util_percent": 3.0, "gpu_mem_used_mib": 48448.0, "gpu_mem_total_mib": 49140.0, "gpu_power_w": 94.52, "process_present": true, "process_mem_mib": 47958.0, "process_mem_share_percent": 97.5946275946276, "process_util_available": true, "process_util_backend": "nvml", "process_sm_util_percent": 23.0, "process_mem_util_percent": 3.0}
{"timestamp_unix": 1772442482.503832, "pid": 112795, "device_index": 0, "gpu_uuid": "GPU-6f954bfd-7081-31b7-f15c-f9a174bf4d7f", "gpu_util_percent": 24.0, "gpu_mem_util_percent": 3.0, "gpu_mem_used_mib": 48448.0, "gpu_mem_total_mib": 49140.0, "gpu_power_w": 94.17, "process_present": true, "process_mem_mib": 47958.0, "process_mem_share_percent": 97.5946275946276, "process_util_available": true, "process_util_backend": "nvml", "process_sm_util_percent": 24.0, "process_mem_util_percent": 3.0}
{"timestamp_unix": 1772442482.8194158, "pid": 112795, "device_index": 0, "gpu_uuid": "GPU-6f954bfd-7081-31b7-f15c-f9a174bf4d7f", "gpu_util_percent": 24.0, "gpu_mem_util_percent": 3.0, "gpu_mem_used_mib": 48448.0, "gpu_mem_total_mib": 49140.0, "gpu_power_w": 93.7, "process_present": true, "process_mem_mib": 47958.0, "process_mem_share_percent": 97.5946275946276, "process_util_available": true, "process_util_backend": "nvml", "process_sm_util_percent": 24.0, "process_mem_util_percent": 3.0}
{"timestamp_unix": 1772442483.119246, "pid": 112795, "device_index": 0, "gpu_uuid": "GPU-6f954bfd-7081-31b7-f15c-f9a174bf4d7f", "gpu_util_percent": 24.0, "gpu_mem_util_percent": 3.0, "gpu_mem_used_mib": 48448.0, "gpu_mem_total_mib": 49140.0, "gpu_power_w": 93.7, "process_present": true, "process_mem_mib": 47958.0, "process_mem_share_percent": 97.5946275946276, "process_util_available": true, "process_util_backend": "nvml", "process_sm_util_percent": 23.0, "process_mem_util_percent": 4.0}
{"timestamp_unix": 1772442483.419188, "pid": 112795, "device_index": 0, "gpu_uuid": "GPU-6f954bfd-7081-31b7-f15c-f9a174bf4d7f", "gpu_util_percent": 24.0, "gpu_mem_util_percent": 3.0, "gpu_mem_used_mib": 48448.0, "gpu_mem_total_mib": 49140.0, "gpu_power_w": 93.88, "process_present": true, "process_mem_mib": 47958.0, "process_mem_share_percent": 97.5946275946276, "process_util_available": true, "process_util_backend": "nvml", "process_sm_util_percent": 24.0, "process_mem_util_percent": 5.0}
{"timestamp_unix": 1772442483.7115753, "pid": 112795, "device_index": 0, "gpu_uuid": "GPU-6f954bfd-7081-31b7-f15c-f9a174bf4d7f", "gpu_util_percent": 24.0, "gpu_mem_util_percent": 3.0, "gpu_mem_used_mib": 48448.0, "gpu_mem_total_mib": 49140.0, "gpu_power_w": 93.88, "process_present": true, "process_mem_mib": 47958.0, "process_mem_share_percent": 97.5946275946276, "process_util_available": true, "process_util_backend": "nvml", "process_sm_util_percent": 24.0, "process_mem_util_percent": 5.0}
{"timestamp_unix": 1772442484.0070922, "pid": 112795, "device_index": 0, "gpu_uuid": "GPU-6f954bfd-7081-31b7-f15c-f9a174bf4d7f", "gpu_util_percent": 24.0, "gpu_mem_util_percent": 5.0, "gpu_mem_used_mib": 48450.0, "gpu_mem_total_mib": 49140.0, "gpu_power_w": 94.95, "process_present": true, "process_mem_mib": 47958.0, "process_mem_share_percent": 97.5946275946276, "process_util_available": true, "process_util_backend": "nvml", "process_sm_util_percent": 24.0, "process_mem_util_percent": 5.0}
{"timestamp_unix": 1772442484.3017788, "pid": 112795, "device_index": 0, "gpu_uuid": "GPU-6f954bfd-7081-31b7-f15c-f9a174bf4d7f", "gpu_util_percent": 24.0, "gpu_mem_util_percent": 5.0, "gpu_mem_used_mib": 48450.0, "gpu_mem_total_mib": 49140.0, "gpu_power_w": 95.96, "process_present": true, "process_mem_mib": 47958.0, "process_mem_share_percent": 97.5946275946276, "process_util_available": true, "process_util_backend": "nvml", "process_sm_util_percent": 25.0, "process_mem_util_percent": 5.0}
{"timestamp_unix": 1772442484.5934567, "pid": 112795, "device_index": 0, "gpu_uuid": "GPU-6f954bfd-7081-31b7-f15c-f9a174bf4d7f", "gpu_util_percent": 24.0, "gpu_mem_util_percent": 5.0, "gpu_mem_used_mib": 48450.0, "gpu_mem_total_mib": 49140.0, "gpu_power_w": 95.96, "process_present": true, "process_mem_mib": 47958.0, "process_mem_share_percent": 97.5946275946276, "process_util_available": true, "process_util_backend": "nvml", "process_sm_util_percent": 25.0, "process_mem_util_percent": 5.0}
{"timestamp_unix": 1772442484.889253, "pid": 112795, "device_index": 0, "gpu_uuid": "GPU-6f954bfd-7081-31b7-f15c-f9a174bf4d7f", "gpu_util_percent": 25.0, "gpu_mem_util_percent": 5.0, "gpu_mem_used_mib": 48450.0, "gpu_mem_total_mib": 49140.0, "gpu_power_w": 96.35, "process_present": true, "process_mem_mib": 47958.0, "process_mem_share_percent": 97.5946275946276, "process_util_available": true, "process_util_backend": "nvml", "process_sm_util_percent": 24.0, "process_mem_util_percent": 5.0}
{"timestamp_unix": 1772442485.1820412, "pid": 112795, "device_index": 0, "gpu_uuid": "GPU-6f954bfd-7081-31b7-f15c-f9a174bf4d7f", "gpu_util_percent": 25.0, "gpu_mem_util_percent": 5.0, "gpu_mem_used_mib": 48457.0, "gpu_mem_total_mib": 49140.0, "gpu_power_w": 96.35, "process_present": true, "process_mem_mib": 47958.0, "process_mem_share_percent": 97.5946275946276, "process_util_available": true, "process_util_backend": "nvml", "process_sm_util_percent": 13.0, "process_mem_util_percent": 2.0}
{"timestamp_unix": 1772442485.4856586, "pid": 112795, "device_index": 0, "gpu_uuid": "GPU-6f954bfd-7081-31b7-f15c-f9a174bf4d7f", "gpu_util_percent": 25.0, "gpu_mem_util_percent": 5.0, "gpu_mem_used_mib": 48453.0, "gpu_mem_total_mib": 49140.0, "gpu_power_w": 96.08, "process_present": true, "process_mem_mib": 47958.0, "process_mem_share_percent": 97.5946275946276, "process_util_available": true, "process_util_backend": "nvml", "process_sm_util_percent": 19.0, "process_mem_util_percent": 2.0}
{"timestamp_unix": 1772442485.7969975, "pid": 112795, "device_index": 0, "gpu_uuid": "GPU-6f954bfd-7081-31b7-f15c-f9a174bf4d7f", "gpu_util_percent": 23.0, "gpu_mem_util_percent": 4.0, "gpu_mem_used_mib": 48453.0, "gpu_mem_total_mib": 49140.0, "gpu_power_w": 94.53, "process_present": true, "process_mem_mib": 47958.0, "process_mem_share_percent": 97.5946275946276, "process_util_available": true, "process_util_backend": "nvml", "process_sm_util_percent": 24.0, "process_mem_util_percent": 3.0}
{"timestamp_unix": 1772442486.1023753, "pid": 112795, "device_index": 0, "gpu_uuid": "GPU-6f954bfd-7081-31b7-f15c-f9a174bf4d7f", "gpu_util_percent": 23.0, "gpu_mem_util_percent": 4.0, "gpu_mem_used_mib": 48453.0, "gpu_mem_total_mib": 49140.0, "gpu_power_w": 94.53, "process_present": true, "process_mem_mib": 47958.0, "process_mem_share_percent": 97.5946275946276, "process_util_available": true, "process_util_backend": "nvml", "process_sm_util_percent": 25.0, "process_mem_util_percent": 4.0}
{"timestamp_unix": 1772442486.3924613, "pid": 112795, "device_index": 0, "gpu_uuid": "GPU-6f954bfd-7081-31b7-f15c-f9a174bf4d7f", "gpu_util_percent": 23.0, "gpu_mem_util_percent": 4.0, "gpu_mem_used_mib": 48453.0, "gpu_mem_total_mib": 49140.0, "gpu_power_w": 93.9, "process_present": true, "process_mem_mib": 47958.0, "process_mem_share_percent": 97.5946275946276, "process_util_available": true, "process_util_backend": "nvml", "process_sm_util_percent": 25.0, "process_mem_util_percent": 4.0}
{"timestamp_unix": 1772442486.6860468, "pid": 112795, "device_index": 0, "gpu_uuid": "GPU-6f954bfd-7081-31b7-f15c-f9a174bf4d7f", "gpu_util_percent": 23.0, "gpu_mem_util_percent": 4.0, "gpu_mem_used_mib": 48453.0, "gpu_mem_total_mib": 49140.0, "gpu_power_w": 93.9, "process_present": true, "process_mem_mib": 47958.0, "process_mem_share_percent": 97.5946275946276, "process_util_available": true, "process_util_backend": "nvml", "process_sm_util_percent": 25.0, "process_mem_util_percent": 4.0}
{"timestamp_unix": 1772442486.977567, "pid": 112795, "device_index": 0, "gpu_uuid": "GPU-6f954bfd-7081-31b7-f15c-f9a174bf4d7f", "gpu_util_percent": 26.0, "gpu_mem_util_percent": 4.0, "gpu_mem_used_mib": 48453.0, "gpu_mem_total_mib": 49140.0, "gpu_power_w": 95.42, "process_present": true, "process_mem_mib": 47958.0, "process_mem_share_percent": 97.5946275946276, "process_util_available": true, "process_util_backend": "nvml", "process_sm_util_percent": 25.0, "process_mem_util_percent": 3.0}
{"timestamp_unix": 1772442487.26973, "pid": 112795, "device_index": 0, "gpu_uuid": "GPU-6f954bfd-7081-31b7-f15c-f9a174bf4d7f", "gpu_util_percent": 26.0, "gpu_mem_util_percent": 4.0, "gpu_mem_used_mib": 48453.0, "gpu_mem_total_mib": 49140.0, "gpu_power_w": 95.52, "process_present": true, "process_mem_mib": 47958.0, "process_mem_share_percent": 97.5946275946276, "process_util_available": true, "process_util_backend": "nvml", "process_sm_util_percent": 25.0, "process_mem_util_percent": 4.0}
{"timestamp_unix": 1772442487.5662742, "pid": 112795, "device_index": 0, "gpu_uuid": "GPU-6f954bfd-7081-31b7-f15c-f9a174bf4d7f", "gpu_util_percent": 26.0, "gpu_mem_util_percent": 4.0, "gpu_mem_used_mib": 48453.0, "gpu_mem_total_mib": 49140.0, "gpu_power_w": 95.52, "process_present": true, "process_mem_mib": 47958.0, "process_mem_share_percent": 97.5946275946276, "process_util_available": true, "process_util_backend": "nvml", "process_sm_util_percent": 25.0, "process_mem_util_percent": 3.0}
{"timestamp_unix": 1772442487.856899, "pid": 112795, "device_index": 0, "gpu_uuid": "GPU-6f954bfd-7081-31b7-f15c-f9a174bf4d7f", "gpu_util_percent": 25.0, "gpu_mem_util_percent": 4.0, "gpu_mem_used_mib": 48453.0, "gpu_mem_total_mib": 49140.0, "gpu_power_w": 95.33, "process_present": true, "process_mem_mib": 47958.0, "process_mem_share_percent": 97.5946275946276, "process_util_available": true, "process_util_backend": "nvml", "process_sm_util_percent": 24.0, "process_mem_util_percent": 3.0}
{"timestamp_unix": 1772442488.1643434, "pid": 112795, "device_index": 0, "gpu_uuid": "GPU-6f954bfd-7081-31b7-f15c-f9a174bf4d7f", "gpu_util_percent": 25.0, "gpu_mem_util_percent": 4.0, "gpu_mem_used_mib": 48453.0, "gpu_mem_total_mib": 49140.0, "gpu_power_w": 95.33, "process_present": true, "process_mem_mib": 47958.0, "process_mem_share_percent": 97.5946275946276, "process_util_available": true, "process_util_backend": "nvml", "process_sm_util_percent": 24.0, "process_mem_util_percent": 3.0}
