{"timestamp_unix": 1772442624.5643575, "pid": 115721, "device_index": 0, "gpu_uuid": "GPU-6f954bfd-7081-31b7-f15c-f9a174bf4d7f", "gpu_util_percent": 35.0, "gpu_mem_util_percent": 16.0, "gpu_mem_used_mib": 1000.0, "gpu_mem_total_mib": 49140.0, "gpu_power_w": 45.85, "process_present": true, "process_mem_mib": 500.0, "process_mem_share_percent": 1.0175010175010175, "process_util_available": true, "process_util_backend": "nvml", "process_sm_util_percent": 1.0, "process_mem_util_percent": 0.0}
{"timestamp_unix": 1772442624.9338388, "pid": 115721, "device_index": 0, "gpu_uuid": "GPU-6f954bfd-7081-31b7-f15c-f9a174bf4d7f", "gpu_util_percent": 13.0, "gpu_mem_util_percent": 1.0, "gpu_mem_used_mib": 1000.0, "gpu_mem_total_mib": 49140.0, "gpu_power_w": 59.71, "process_present": true, "process_mem_mib": 500.0, "process_mem_share_percent": 1.0175010175010175, "process_util_available": true, "process_util_backend": "nvml", "process_sm_util_percent": null, "process_mem_util_percent": null}
{"timestamp_unix": 1772442625.255541, "pid": 115721, "device_index": 0, "gpu_uuid": "GPU-6f954bfd-7081-31b7-f15c-f9a174bf4d7f", "gpu_util_percent": 13.0, "gpu_mem_util_percent": 1.0, "gpu_mem_used_mib": 1000.0, "gpu_mem_total_mib": 49140.0, "gpu_power_w": 59.71, "process_present": true, "process_mem_mib": 500.0, "process_mem_share_percent": 1.0175010175010175, "process_util_available": true, "process_util_backend": "nvml", "process_sm_util_percent": null, "process_mem_util_percent": null}
{"timestamp_unix": 1772442625.576172, "pid": 115721, "device_index": 0, "gpu_uuid": "GPU-6f954bfd-7081-31b7-f15c-f9a174bf4d7f", "gpu_util_percent": 13.0, "gpu_mem_util_percent": 1.0, "gpu_mem_used_mib": 1000.0, "gpu_mem_total_mib": 49140.0, "gpu_power_w": 77.79, "process_present": true, "process_mem_mib": 500.0, "process_mem_share_percent": 1.0175010175010175, "process_util_available": true, "process_util_backend": "nvml", "process_sm_util_percent": null, "process_mem_util_percent": null}
{"timestamp_unix": 1772442625.8682182, "pid": 115721, "device_index": 0, "gpu_uuid": "GPU-6f954bfd-7081-31b7-f15c-f9a174bf4d7f", "gpu_util_percent": 17.0, "gpu_mem_util_percent": 2.0, "gpu_mem_used_mib": 1168.0, "gpu_mem_total_mib": 49140.0, "gpu_power_w": 85.87, "process_present": true, "process_mem_mib": 782.0, "process_mem_share_percent": 1.5913715913715913, "process_util_available": true, "process_util_backend": "nvml", "process_sm_util_percent": 14.0, "process_mem_util_percent": 1.0}
{"timestamp_unix": 1772442626.153267, "pid": 115721, "device_index": 0, "gpu_uuid": "GPU-6f954bfd-7081-31b7-f15c-f9a174bf4d7f", "gpu_util_percent": 17.0, "gpu_mem_util_percent": 2.0, "gpu_mem_used_mib": 1622.0, "gpu_mem_total_mib": 49140.0, "gpu_power_w": 85.87, "process_present": true, "process_mem_mib": 1220.0, "process_mem_share_percent": 2.4827024827024826, "process_util_available": true, "process_util_backend": "nvml", "process_sm_util_percent": 17.0, "process_mem_util_percent": 1.0}
{"timestamp_unix": 1772442626.4396653, "pid": 115721, "device_index": 0, "gpu_uuid": "GPU-6f954bfd-7081-31b7-f15c-f9a174bf4d7f", "gpu_util_percent": 17.0, "gpu_mem_util_percent": 2.0, "gpu_mem_used_mib": 2002.0, "gpu_mem_total_mib": 49140.0, "gpu_power_w": 88.04, "process_present": true, "process_mem_mib": 1502.0, "process_mem_share_percent": 3.0565730565730567, "process_util_available": true, "process_util_backend": "nvml", "process_sm_util_percent": 17.0, "process_mem_util_percent": 1.0}
{"timestamp_unix": 1772442626.7291307, "pid": 115721, "device_index": 0, "gpu_uuid": "GPU-6f954bfd-7081-31b7-f15c-f9a174bf4d7f", "gpu_util_percent": 17.0, "gpu_mem_util_percent": 2.0, "gpu_mem_used_mib": 2642.0, "gpu_mem_total_mib": 49140.0, "gpu_power_w": 88.04, "process_present": true, "process_mem_mib": 2408.0, "process_mem_share_percent": 4.9002849002849, "process_util_available": true, "process_util_backend": "nvml", "process_sm_util_percent": 7.0, "process_mem_util_percent": 1.0}
{"timestamp_unix": 1772442627.0181377, "pid": 115721, "device_index": 0, "gpu_uuid": "GPU-6f954bfd-7081-31b7-f15c-f9a174bf4d7f", "gpu_util_percent": 17.0, "gpu_mem_util_percent": 4.0, "gpu_mem_used_mib": 4995.0, "gpu_mem_total_mib": 49140.0, "gpu_power_w": 89.44, "process_present": true, "process_mem_mib": 4802.0, "process_mem_share_percent": 9.772079772079772, "process_util_available": true, "process_util_backend": "nvml", "process_sm_util_percent": 20.0, "process_mem_util_percent": 4.0}
{"timestamp_unix": 1772442627.3182797, "pid": 115721, "device_index": 0, "gpu_uuid": "GPU-6f954bfd-7081-31b7-f15c-f9a174bf4d7f", "gpu_util_percent": 17.0, "gpu_mem_util_percent": 4.0, "gpu_mem_used_mib": 7254.0, "gpu_mem_total_mib": 49140.0, "gpu_power_w": 91.91, "process_present": true, "process_mem_mib": 7094.0, "process_mem_share_percent": 14.436304436304436, "process_util_available": true, "process_util_backend": "nvml", "process_sm_util_percent": 21.0, "process_mem_util_percent": 4.0}
{"timestamp_unix": 1772442627.6206732, "pid": 115721, "device_index": 0, "gpu_uuid": "GPU-6f954bfd-7081-31b7-f15c-f9a174bf4d7f", "gpu_util_percent": 17.0, "gpu_mem_util_percent": 4.0, "gpu_mem_used_mib": 9840.0, "gpu_mem_total_mib": 49140.0, "gpu_power_w": 91.91, "process_present": true, "process_mem_mib": 9680.0, "process_mem_share_percent": 19.6988196988197, "process_util_available": true, "process_util_backend": "nvml", "process_sm_util_percent": 21.0, "process_mem_util_percent": 4.0}
{"timestamp_unix": 1772442627.9179313, "pid": 115721, "device_index": 0, "gpu_uuid": "GPU-6f954bfd-7081-31b7-f15c-f9a174bf4d7f", "gpu_util_percent": 20.0, "gpu_mem_util_percent": 4.0, "gpu_mem_used_mib": 12544.0, "gpu_mem_total_mib": 49140.0, "gpu_power_w": 94.66, "process_present": true, "process_mem_mib": 12362.0, "process_mem_share_percent": 25.156695156695157, "process_util_available": true, "process_util_backend": "nvml", "process_sm_util_percent": 22.0, "process_mem_util_percent": 4.0}
{"timestamp_unix": 1772442628.2171712, "pid": 115721, "device_index": 0, "gpu_uuid": "GPU-6f954bfd-7081-31b7-f15c-f9a174bf4d7f", "gpu_util_percent": 20.0, "gpu_mem_util_percent": 4.0, "gpu_mem_used_mib": 15225.0, "gpu_mem_total_mib": 49140.0, "gpu_power_w": 94.66, "process_present": true, "process_mem_mib": 15094.0, "process_mem_share_percent": 30.716320716320716, "process_util_available": true, "process_util_backend": "nvml", "process_sm_util_percent": 23.0, "process_mem_util_percent": 4.0}
{"timestamp_unix": 1772442628.5065181, "pid": 115721, "device_index": 0, "gpu_uuid": "GPU-6f954bfd-7081-31b7-f15c-f9a174bf4d7f", "gpu_util_percent": 20.0, "gpu_mem_util_percent": 4.0, "gpu_mem_used_mib": 18087.0, "gpu_mem_total_mib": 49140.0, "gpu_power_w": 95.4, "process_present": true, "process_mem_mib": 17684.0, "process_mem_share_percent": 35.98697598697599, "process_util_available": true, "process_util_backend": "nvml", "process_sm_util_percent": 23.0, "process_mem_util_percent": 4.0}
{"timestamp_unix": 1772442628.7986655, "pid": 115721, "device_index": 0, "gpu_uuid": "GPU-6f954bfd-7081-31b7-f15c-f9a174bf4d7f", "gpu_util_percent": 23.0, "gpu_mem_util_percent": 5.0, "gpu_mem_used_mib": 20011.0, "gpu_mem_total_mib": 49140.0, "gpu_power_w": 95.33, "process_present": true, "process_mem_mib": 19778.0, "process_mem_share_percent": 40.248270248270245, "process_util_available": true, "process_util_backend": "nvml", "process_sm_util_percent": 21.0, "process_mem_util_percent": 4.0}
{"timestamp_unix": 1772442629.0902665, "pid": 115721, "device_index": 0, "gpu_uuid": "GPU-6f954bfd-7081-31b7-f15c-f9a174bf4d7f", "gpu_util_percent": 23.0, "gpu_mem_util_percent": 5.0, "gpu_mem_used_mib": 21949.0, "gpu_mem_total_mib": 49140.0, "gpu_power_w": 95.33, "process_present": true, "process_mem_mib": 21762.0, "process_mem_share_percent": 44.285714285714285, "process_util_available": true, "process_util_backend": "nvml", "process_sm_util_percent": 23.0, "process_mem_util_percent": 4.0}
{"timestamp_unix": 1772442629.38499, "pid": 115721, "device_index": 0, "gpu_uuid": "GPU-6f954bfd-7081-31b7-f15c-f9a174bf4d7f", "gpu_util_percent": 23.0, "gpu_mem_util_percent": 5.0, "gpu_mem_used_mib": 24055.0, "gpu_mem_total_mib": 49140.0, "gpu_power_w": 95.23, "process_present": true, "process_mem_mib": 23850.0, "process_mem_share_percent": 48.53479853479853, "process_util_available": true, "process_util_backend": "nvml", "process_sm_util_percent": 23.0, "process_mem_util_percent": 4.0}
{"timestamp_unix": 1772442629.6738348, "pid": 115721, "device_index": 0, "gpu_uuid": "GPU-6f954bfd-7081-31b7-f15c-f9a174bf4d7f", "gpu_util_percent": 23.0, "gpu_mem_util_percent": 5.0, "gpu_mem_used_mib": 26115.0, "gpu_mem_total_mib": 49140.0, "gpu_power_w": 95.23, "process_present": true, "process_mem_mib": 25856.0, "process_mem_share_percent": 52.61701261701261, "process_util_available": true, "process_util_backend": "nvml", "process_sm_util_percent": 22.0, "process_mem_util_percent": 4.0}
{"timestamp_unix": 1772442629.9660056, "pid": 115721, "device_index": 0, "gpu_uuid": "GPU-6f954bfd-7081-31b7-f15c-f9a174bf4d7f", "gpu_util_percent": 21.0, "gpu_mem_util_percent": 4.0, "gpu_mem_used_mib": 28433.0, "gpu_mem_total_mib": 49140.0, "gpu_power_w": 95.25, "process_present": true, "process_mem_mib": 28292.0, "process_mem_share_percent": 57.57427757427757, "process_util_available": true, "process_util_backend": "nvml", "process_sm_util_percent": 23.0, "process_mem_util_percent": 4.0}
{"timestamp_unix": 1772442630.2651172, "pid": 115721, "device_index": 0, "gpu_uuid": "GPU-6f954bfd-7081-31b7-f15c-f9a174bf4d7f", "gpu_util_percent": 21.0, "gpu_mem_util_percent": 4.0, "gpu_mem_used_mib": 30929.0, "gpu_mem_total_mib": 49140.0, "gpu_power_w": 95.25, "process_present": true, "process_mem_mib": 30776.0, "process_mem_share_percent": 62.629222629222625, "process_util_available": true, "process_util_backend": "nvml", "process_sm_util_percent": 23.0, "process_mem_util_percent": 4.0}
{"timestamp_unix": 1772442630.5689745, "pid": 115721, "device_index": 0, "gpu_uuid": "GPU-6f954bfd-7081-31b7-f15c-f9a174bf4d7f", "gpu_util_percent": 21.0, "gpu_mem_util_percent": 4.0, "gpu_mem_used_mib": 33331.0, "gpu_mem_total_mib": 49140.0, "gpu_power_w": 95.54, "process_present": true, "process_mem_mib": 33160.0, "process_mem_share_percent": 67.48066748066748, "process_util_available": true, "process_util_backend": "nvml", "process_sm_util_percent": 22.0, "process_mem_util_percent": 4.0}
{"timestamp_unix": 1772442630.87247, "pid": 115721, "device_index": 0, "gpu_uuid": "GPU-6f954bfd-7081-31b7-f15c-f9a174bf4d7f", "gpu_util_percent": 22.0, "gpu_mem_util_percent": 5.0, "gpu_mem_used_mib": 35761.0, "gpu_mem_total_mib": 49140.0, "gpu_power_w": 95.52, "process_present": true, "process_mem_mib": 35556.0, "process_mem_share_percent": 72.35653235653236, "process_util_available": true, "process_util_backend": "nvml", "process_sm_util_percent": 22.0, "process_mem_util_percent": 4.0}
{"timestamp_unix": 1772442631.1629405, "pid": 115721, "device_index": 0, "gpu_uuid": "GPU-6f954bfd-7081-31b7-f15c-f9a174bf4d7f", "gpu_util_percent": 22.0, "gpu_mem_util_percent": 5.0, "gpu_mem_used_mib": 37614.0, "gpu_mem_total_mib": 49140.0, "gpu_power_w": 95.52, "process_present": true, "process_mem_mib": 37424.0, "process_mem_share_percent": 76.15791615791616, "process_util_available": true, "process_util_backend": "nvml", "process_sm_util_percent": 22.0, "process_mem_util_percent": 4.0}
{"timestamp_unix": 1772442631.4556332, "pid": 115721, "device_index": 0, "gpu_uuid": "GPU-6f954bfd-7081-31b7-f15c-f9a174bf4d7f", "gpu_util_percent": 22.0, "gpu_mem_util_percent": 5.0, "gpu_mem_used_mib": 39588.0, "gpu_mem_total_mib": 49140.0, "gpu_power_w": 95.45, "process_present": true, "process_mem_mib": 39294.0, "process_mem_share_percent": 79.96336996336997, "process_util_available": true, "process_util_backend": "nvml", "process_sm_util_percent": 23.0, "process_mem_util_percent": 4.0}
{"timestamp_unix": 1772442631.747989, "pid": 115721, "device_index": 0, "gpu_uuid": "GPU-6f954bfd-7081-31b7-f15c-f9a174bf4d7f", "gpu_util_percent": 22.0, "gpu_mem_util_percent": 5.0, "gpu_mem_used_mib": 41582.0, "gpu_mem_total_mib": 49140.0, "gpu_power_w": 95.45, "process_present": true, "process_mem_mib": 41404.0, "process_mem_share_percent": 84.25722425722427, "process_util_available": true, "process_util_backend": "nvml", "process_sm_util_percent": 23.0, "process_mem_util_percent": 4.0}
{"timestamp_unix": 1772442632.041162, "pid": 115721, "device_index": 0, "gpu_uuid": "GPU-6f954bfd-7081-31b7-f15c-f9a174bf4d7f", "gpu_util_percent": 22.0, "gpu_mem_util_percent": 5.0, "gpu_mem_used_mib": 43962.0, "gpu_mem_total_mib": 49140.0, "gpu_power_w": 95.44, "process_present": true, "process_mem_mib": 43792.0, "process_mem_share_percent": 89.11680911680911, "process_util_available": true, "process_util_backend": "nvml", "process_sm_util_percent": 22.0, "process_mem_util_percent": 4.0}
{"timestamp_unix": 1772442632.3399024, "pid": 115721, "device_index": 0, "gpu_uuid": "GPU-6f954bfd-7081-31b7-f15c-f9a174bf4d7f", "gpu_util_percent": 22.0, "gpu_mem_util_percent": 5.0, "gpu_mem_used_mib": 44680.0, "gpu_mem_total_mib": 49140.0, "gpu_power_w": 94.94, "process_present": true, "process_mem_mib": 44332.0, "process_mem_share_percent": 90.21571021571022, "process_util_available": true, "process_util_backend": "nvml", "process_sm_util_percent": 12.0, "process_mem_util_percent": 2.0}
{"timestamp_unix": 1772442632.6321003, "pid": 115721, "device_index": 0, "gpu_uuid": "GPU-6f954bfd-7081-31b7-f15c-f9a174bf4d7f", "gpu_util_percent": 22.0, "gpu_mem_util_percent": 5.0, "gpu_mem_used_mib": 44906.0, "gpu_mem_total_mib": 49140.0, "gpu_power_w": 94.94, "process_present": true, "process_mem_mib": 44406.0, "process_mem_share_percent": 90.36630036630036, "process_util_available": true, "process_util_backend": "nvml", "process_sm_util_percent": 23.0, "process_mem_util_percent": 4.0}
{"timestamp_unix": 1772442632.9358394, "pid": 115721, "device_index": 0, "gpu_uuid": "GPU-6f954bfd-7081-31b7-f15c-f9a174bf4d7f", "gpu_util_percent": 26.0, "gpu_mem_util_percent": 6.0, "gpu_mem_used_mib": 44906.0, "gpu_mem_total_mib": 49140.0, "gpu_power_w": 94.53, "process_present": true, "process_mem_mib": 44406.0, "process_mem_share_percent": 90.36630036630036, "process_util_available": true, "process_util_backend": "nvml", "process_sm_util_percent": 26.0, "process_mem_util_percent": 5.0}
{"timestamp_unix": 1772442633.235273, "pid": 115721, "device_index": 0, "gpu_uuid": "GPU-6f954bfd-7081-31b7-f15c-f9a174bf4d7f", "gpu_util_percent": 26.0, "gpu_mem_util_percent": 6.0, "gpu_mem_used_mib": 44906.0, "gpu_mem_total_mib": 49140.0, "gpu_power_w": 94.53, "process_present": true, "process_mem_mib": 44406.0, "process_mem_share_percent": 90.36630036630036, "process_util_available": true, "process_util_backend": "nvml", "process_sm_util_percent": 26.0, "process_mem_util_percent": 5.0}
{"timestamp_unix": 1772442633.5276873, "pid": 115721, "device_index": 0, "gpu_uuid": "GPU-6f954bfd-7081-31b7-f15c-f9a174bf4d7f", "gpu_util_percent": 26.0, "gpu_mem_util_percent": 6.0, "gpu_mem_used_mib": 44906.0, "gpu_mem_total_mib": 49140.0, "gpu_power_w": 96.16, "process_present": true, "process_mem_mib": 44406.0, "process_mem_share_percent": 90.36630036630036, "process_util_available": true, "process_util_backend": "nvml", "process_sm_util_percent": 26.0, "process_mem_util_percent": 5.0}
{"timestamp_unix": 1772442633.8209915, "pid": 115721, "device_index": 0, "gpu_uuid": "GPU-6f954bfd-7081-31b7-f15c-f9a174bf4d7f", "gpu_util_percent": 26.0, "gpu_mem_util_percent": 5.0, "gpu_mem_used_mib": 44906.0, "gpu_mem_total_mib": 49140.0, "gpu_power_w": 98.99, "process_present": true, "process_mem_mib": 44406.0, "process_mem_share_percent": 90.36630036630036, "process_util_available": true, "process_util_backend": "nvml", "process_sm_util_percent": 26.0, "process_mem_util_percent": 5.0}
{"timestamp_unix": 1772442634.1122057, "pid": 115721, "device_index": 0, "gpu_uuid": "GPU-6f954bfd-7081-31b7-f15c-f9a174bf4d7f", "gpu_util_percent": 26.0, "gpu_mem_util_percent": 5.0, "gpu_mem_used_mib": 44906.0, "gpu_mem_total_mib": 49140.0, "gpu_power_w": 98.99, "process_present": true, "process_mem_mib": 44406.0, "process_mem_share_percent": 90.36630036630036, "process_util_available": true, "process_util_backend": "nvml", "process_sm_util_percent": 27.0, "process_mem_util_percent": 5.0}
{"timestamp_unix": 1772442634.4065776, "pid": 115721, "device_index": 0, "gpu_uuid": "GPU-6f954bfd-7081-31b7-f15c-f9a174bf4d7f", "gpu_util_percent": 26.0, "gpu_mem_util_percent": 5.0, "gpu_mem_used_mib": 44906.0, "gpu_mem_total_mib": 49140.0, "gpu_power_w": 98.44, "process_present": true, "process_mem_mib": 44406.0, "process_mem_share_percent": 90.36630036630036, "process_util_available": true, "process_util_backend": "nvml", "process_sm_util_percent": 26.0, "process_mem_util_percent": 4.0}
{"timestamp_unix": 1772442634.7027562, "pid": 115721, "device_index": 0, "gpu_uuid": "GPU-6f954bfd-7081-31b7-f15c-f9a174bf4d7f", "gpu_util_percent": 26.0, "gpu_mem_util_percent": 5.0, "gpu_mem_used_mib": 44906.0, "gpu_mem_total_mib": 49140.0, "gpu_power_w": 98.44, "process_present": true, "process_mem_mib": 44406.0, "process_mem_share_percent": 90.36630036630036, "process_util_available": true, "process_util_backend": "nvml", "process_sm_util_percent": 25.0, "process_mem_util_percent": 4.0}
{"timestamp_unix": 1772442634.994713, "pid": 115721, "device_index": 0, "gpu_uuid": "GPU-6f954bfd-7081-31b7-f15c-f9a174bf4d7f", "gpu_util_percent": 25.0, "gpu_mem_util_percent": 5.0, "gpu_mem_used_mib": 44906.0, "gpu_mem_total_mib": 49140.0, "gpu_power_w": 97.78, "process_present": true, "process_mem_mib": 44406.0, "process_mem_share_percent": 90.36630036630036, "process_util_available": true, "process_util_backend": "nvml", "process_sm_util_percent": 25.0, "process_mem_util_percent": 4.0}
{"timestamp_unix": 1772442635.293241, "pid": 115721, "device_index": 0, "gpu_uuid": "GPU-6f954bfd-7081-31b7-f15c-f9a174bf4d7f", "gpu_util_percent": 25.0, "gpu_mem_util_percent": 5.0, "gpu_mem_used_mib": 44906.0, "gpu_mem_total_mib": 49140.0, "gpu_power_w": 97.49, "process_present": true, "process_mem_mib": 44406.0, "process_mem_share_percent": 90.36630036630036, "process_util_available": true, "process_util_backend": "nvml", "process_sm_util_percent": 13.0, "process_mem_util_percent": 2.0}
{"timestamp_unix": 1772442635.6033595, "pid": 115721, "device_index": 0, "gpu_uuid": "GPU-6f954bfd-7081-31b7-f15c-f9a174bf4d7f", "gpu_util_percent": 25.0, "gpu_mem_util_percent": 5.0, "gpu_mem_used_mib": 44906.0, "gpu_mem_total_mib": 49140.0, "gpu_power_w": 97.49, "process_present": true, "process_mem_mib": 44406.0, "process_mem_share_percent": 90.36630036630036, "process_util_available": true, "process_util_backend": "nvml", "process_sm_util_percent": null, "process_mem_util_percent": null}
{"timestamp_unix": 1772442635.9117656, "pid": 115721, "device_index": 0, "gpu_uuid": "GPU-6f954bfd-7081-31b7-f15c-f9a174bf4d7f", "gpu_util_percent": 26.0, "gpu_mem_util_percent": 4.0, "gpu_mem_used_mib": 44906.0, "gpu_mem_total_mib": 49140.0, "gpu_power_w": 97.17, "process_present": true, "process_mem_mib": 44406.0, "process_mem_share_percent": 90.36630036630036, "process_util_available": true, "process_util_backend": "nvml", "process_sm_util_percent": 13.0, "process_mem_util_percent": 2.0}
{"timestamp_unix": 1772442636.217134, "pid": 115721, "device_index": 0, "gpu_uuid": "GPU-6f954bfd-7081-31b7-f15c-f9a174bf4d7f", "gpu_util_percent": 26.0, "gpu_mem_util_percent": 4.0, "gpu_mem_used_mib": 44906.0, "gpu_mem_total_mib": 49140.0, "gpu_power_w": 97.17, "process_present": true, "process_mem_mib": 44406.0, "process_mem_share_percent": 90.36630036630036, "process_util_available": true, "process_util_backend": "nvml", "process_sm_util_percent": 26.0, "process_mem_util_percent": 4.0}
{"timestamp_unix": 1772442636.506786, "pid": 115721, "device_index": 0, "gpu_uuid": "GPU-6f954bfd-7081-31b7-f15c-f9a174bf4d7f", "gpu_util_percent": 26.0, "gpu_mem_util_percent": 4.0, "gpu_mem_used_mib": 44902.0, "gpu_mem_total_mib": 49140.0, "gpu_power_w": 96.78, "process_present": true, "process_mem_mib": 44406.0, "process_mem_share_percent": 90.36630036630036, "process_util_available": true, "process_util_backend": "nvml", "process_sm_util_percent": 25.0, "process_mem_util_percent": 3.0}
{"timestamp_unix": 1772442636.7996728, "pid": 115721, "device_index": 0, "gpu_uuid": "GPU-6f954bfd-7081-31b7-f15c-f9a174bf4d7f", "gpu_util_percent": 25.0, "gpu_mem_util_percent": 4.0, "gpu_mem_used_mib": 44902.0, "gpu_mem_total_mib": 49140.0, "gpu_power_w": 96.26, "process_present": true, "process_mem_mib": 44406.0, "process_mem_share_percent": 90.36630036630036, "process_util_available": true, "process_util_backend": "nvml", "process_sm_util_percent": 24.0, "process_mem_util_percent": 3.0}
{"timestamp_unix": 1772442637.0904365, "pid": 115721, "device_index": 0, "gpu_uuid": "GPU-6f954bfd-7081-31b7-f15c-f9a174bf4d7f", "gpu_util_percent": 25.0, "gpu_mem_util_percent": 4.0, "gpu_mem_used_mib": 44902.0, "gpu_mem_total_mib": 49140.0, "gpu_power_w": 96.26, "process_present": true, "process_mem_mib": 44406.0, "process_mem_share_percent": 90.36630036630036, "process_util_available": true, "process_util_backend": "nvml", "process_sm_util_percent": 25.0, "process_mem_util_percent": 3.0}
{"timestamp_unix": 1772442637.3822377, "pid": 115721, "device_index": 0, "gpu_uuid": "GPU-6f954bfd-7081-31b7-f15c-f9a174bf4d7f", "gpu_util_percent": 25.0, "gpu_mem_util_percent": 4.0, "gpu_mem_used_mib": 44902.0, "gpu_mem_total_mib": 49140.0, "gpu_power_w": 95.83, "process_present": true, "process_mem_mib": 44406.0, "process_mem_share_percent": 90.36630036630036, "process_util_available": true, "process_util_backend": "nvml", "process_sm_util_percent": 24.0, "process_mem_util_percent": 3.0}
{"timestamp_unix": 1772442637.6734185, "pid": 115721, "device_index": 0, "gpu_uuid": "GPU-6f954bfd-7081-31b7-f15c-f9a174bf4d7f", "gpu_util_percent": 25.0, "gpu_mem_util_percent": 4.0, "gpu_mem_used_mib": 44902.0, "gpu_mem_total_mib": 49140.0, "gpu_power_w": 95.83, "process_present": true, "process_mem_mib": 44406.0, "process_mem_share_percent": 90.36630036630036, "process_util_available": true, "process_util_backend": "nvml", "process_sm_util_percent": 24.0, "process_mem_util_percent": 3.0}
{"timestamp_unix": 1772442637.9665277, "pid": 115721, "device_index": 0, "gpu_uuid": "GPU-6f954bfd-7081-31b7-f15c-f9a174bf4d7f", "gpu_util_percent": 25.0, "gpu_mem_util_percent": 4.0, "gpu_mem_used_mib": 44902.0, "gpu_mem_total_mib": 49140.0, "gpu_power_w": 95.45, "process_present": true, "process_mem_mib": 44406.0, "process_mem_share_percent": 90.36630036630036, "process_util_available": true, "process_util_backend": "nvml", "process_sm_util_percent": 24.0, "process_mem_util_percent": 3.0}
{"timestamp_unix": 1772442638.2680423, "pid": 115721, "device_index": 0, "gpu_uuid": "GPU-6f954bfd-7081-31b7-f15c-f9a174bf4d7f", "gpu_util_percent": 25.0, "gpu_mem_util_percent": 4.0, "gpu_mem_used_mib": 44902.0, "gpu_mem_total_mib": 49140.0, "gpu_power_w": 95.45, "process_present": true, "process_mem_mib": 44406.0, "process_mem_share_percent": 90.36630036630036, "process_util_available": true, "process_util_backend": "nvml", "process_sm_util_percent": 23.0, "process_mem_util_percent": 4.0}
{"timestamp_unix": 1772442638.578818, "pid": 115721, "device_index": 0, "gpu_uuid": "GPU-6f954bfd-7081-31b7-f15c-f9a174bf4d7f", "gpu_util_percent": 25.0, "gpu_mem_util_percent": 4.0, "gpu_mem_used_mib": 44902.0, "gpu_mem_total_mib": 49140.0, "gpu_power_w": 95.23, "process_present": true, "process_mem_mib": 44406.0, "process_mem_share_percent": 90.36630036630036, "process_util_available": true, "process_util_backend": "nvml", "process_sm_util_percent": 25.0, "process_mem_util_percent": 6.0}
{"timestamp_unix": 1772442638.872939, "pid": 115721, "device_index": 0, "gpu_uuid": "GPU-6f954bfd-7081-31b7-f15c-f9a174bf4d7f", "gpu_util_percent": 25.0, "gpu_mem_util_percent": 6.0, "gpu_mem_used_mib": 44902.0, "gpu_mem_total_mib": 49140.0, "gpu_power_w": 97.12, "process_present": true, "process_mem_mib": 44406.0, "process_mem_share_percent": 90.36630036630036, "process_util_available": true, "process_util_backend": "nvml", "process_sm_util_percent": 25.0, "process_mem_util_percent": 6.0}
{"timestamp_unix": 1772442639.3403454, "pid": 115721, "device_index": 0, "gpu_uuid": "GPU-6f954bfd-7081-31b7-f15c-f9a174bf4d7f", "gpu_util_percent": 25.0, "gpu_mem_util_percent": 6.0, "gpu_mem_used_mib": 44900.0, "gpu_mem_total_mib": 49140.0, "gpu_power_w": 98.47, "process_present": true, "process_mem_mib": 44406.0, "process_mem_share_percent": 90.36630036630036, "process_util_available": true, "process_util_backend": "nvml", "process_sm_util_percent": 19.0, "process_mem_util_percent": 3.0}
{"timestamp_unix": 1772442639.6310487, "pid": 115721, "device_index": 0, "gpu_uuid": "GPU-6f954bfd-7081-31b7-f15c-f9a174bf4d7f", "gpu_util_percent": 25.0, "gpu_mem_util_percent": 6.0, "gpu_mem_used_mib": 44900.0, "gpu_mem_total_mib": 49140.0, "gpu_power_w": 98.47, "process_present": true, "process_mem_mib": 44406.0, "process_mem_share_percent": 90.36630036630036, "process_util_available": true, "process_util_backend": "nvml", "process_sm_util_percent": 25.0, "process_mem_util_percent": 6.0}
{"timestamp_unix": 1772442639.923642, "pid": 115721, "device_index": 0, "gpu_uuid": "GPU-6f954bfd-7081-31b7-f15c-f9a174bf4d7f", "gpu_util_percent": 25.0, "gpu_mem_util_percent": 6.0, "gpu_mem_used_mib": 44899.0, "gpu_mem_total_mib": 49140.0, "gpu_power_w": 97.43, "process_present": true, "process_mem_mib": 44406.0, "process_mem_share_percent": 90.36630036630036, "process_util_available": true, "process_util_backend": "nvml", "process_sm_util_percent": 25.0, "process_mem_util_percent": 6.0}
{"timestamp_unix": 1772442640.2168586, "pid": 115721, "device_index": 0, "gpu_uuid": "GPU-6f954bfd-7081-31b7-f15c-f9a174bf4d7f", "gpu_util_percent": 25.0, "gpu_mem_util_percent": 6.0, "gpu_mem_used_mib": 44901.0, "gpu_mem_total_mib": 49140.0, "gpu_power_w": 97.43, "process_present": true, "process_mem_mib": 44406.0, "process_mem_share_percent": 90.36630036630036, "process_util_available": true, "process_util_backend": "nvml", "process_sm_util_percent": 26.0, "process_mem_util_percent": 6.0}
{"timestamp_unix": 1772442640.5077047, "pid": 115721, "device_index": 0, "gpu_uuid": "GPU-6f954bfd-7081-31b7-f15c-f9a174bf4d7f", "gpu_util_percent": 25.0, "gpu_mem_util_percent": 6.0, "gpu_mem_used_mib": 44901.0, "gpu_mem_total_mib": 49140.0, "gpu_power_w": 97.54, "process_present": true, "process_mem_mib": 44406.0, "process_mem_share_percent": 90.36630036630036, "process_util_available": true, "process_util_backend": "nvml", "process_sm_util_percent": 26.0, "process_mem_util_percent": 6.0}
{"timestamp_unix": 1772442640.81758, "pid": 115721, "device_index": 0, "gpu_uuid": "GPU-6f954bfd-7081-31b7-f15c-f9a174bf4d7f", "gpu_util_percent": 25.0, "gpu_mem_util_percent": 7.0, "gpu_mem_used_mib": 44901.0, "gpu_mem_total_mib": 49140.0, "gpu_power_w": 99.65, "process_present": true, "process_mem_mib": 44406.0, "process_mem_share_percent": 90.36630036630036, "process_util_available": true, "process_util_backend": "nvml", "process_sm_util_percent": 25.0, "process_mem_util_percent": 6.0}
{"timestamp_unix": 1772442641.117768, "pid": 115721, "device_index": 0, "gpu_uuid": "GPU-6f954bfd-7081-31b7-f15c-f9a174bf4d7f", "gpu_util_percent": 25.0, "gpu_mem_util_percent": 7.0, "gpu_mem_used_mib": 44901.0, "gpu_mem_total_mib": 49140.0, "gpu_power_w": 99.65, "process_present": true, "process_mem_mib": 44406.0, "process_mem_share_percent": 90.36630036630036, "process_util_available": true, "process_util_backend": "nvml", "process_sm_util_percent": 26.0, "process_mem_util_percent": 6.0}
{"timestamp_unix": 1772442641.4184387, "pid": 115721, "device_index": 0, "gpu_uuid": "GPU-6f954bfd-7081-31b7-f15c-f9a174bf4d7f", "gpu_util_percent": 25.0, "gpu_mem_util_percent": 7.0, "gpu_mem_used_mib": 44901.0, "gpu_mem_total_mib": 49140.0, "gpu_power_w": 99.85, "process_present": true, "process_mem_mib": 44406.0, "process_mem_share_percent": 90.36630036630036, "process_util_available": true, "process_util_backend": "nvml", "process_sm_util_percent": 26.0, "process_mem_util_percent": 6.0}
{"timestamp_unix": 1772442641.7103114, "pid": 115721, "device_index": 0, "gpu_uuid": "GPU-6f954bfd-7081-31b7-f15c-f9a174bf4d7f", "gpu_util_percent": 25.0, "gpu_mem_util_percent": 7.0, "gpu_mem_used_mib": 44901.0, "gpu_mem_total_mib": 49140.0, "gpu_power_w": 99.85, "process_present": true, "process_mem_mib": 44406.0, "process_mem_share_percent": 90.36630036630036, "process_util_available": true, "process_util_backend": "nvml", "process_sm_util_percent": 26.0, "process_mem_util_percent": 6.0}
{"timestamp_unix": 1772442642.0064018, "pid": 115721, "device_index": 0, "gpu_uuid": "GPU-6f954bfd-7081-31b7-f15c-f9a174bf4d7f", "gpu_util_percent": 25.0, "gpu_mem_util_percent": 7.0, "gpu_mem_used_mib": 44901.0, "gpu_mem_total_mib": 49140.0, "gpu_power_w": 100.22, "process_present": true, "process_mem_mib": 44406.0, "process_mem_share_percent": 90.36630036630036, "process_util_available": true, "process_util_backend": "nvml", "process_sm_util_percent": 26.0, "process_mem_util_percent": 6.0}
{"timestamp_unix": 1772442642.3087137, "pid": 115721, "device_index": 0, "gpu_uuid": "GPU-6f954bfd-7081-31b7-f15c-f9a174bf4d7f", "gpu_util_percent": 25.0, "gpu_mem_util_percent": 7.0, "gpu_mem_used_mib": 45329.0, "gpu_mem_total_mib": 49140.0, "gpu_power_w": 100.64, "process_present": true, "process_mem_mib": 45070.0, "process_mem_share_percent": 91.71754171754172, "process_util_available": true, "process_util_backend": "nvml", "process_sm_util_percent": 13.0, "process_mem_util_percent": 3.0}
{"timestamp_unix": 1772442642.60578, "pid": 115721, "device_index": 0, "gpu_uuid": "GPU-6f954bfd-7081-31b7-f15c-f9a174bf4d7f", "gpu_util_percent": 25.0, "gpu_mem_util_percent": 7.0, "gpu_mem_used_mib": 46923.0, "gpu_mem_total_mib": 49140.0, "gpu_power_w": 100.64, "process_present": true, "process_mem_mib": 46428.0, "process_mem_share_percent": 94.48107448107447, "process_util_available": true, "process_util_backend": "nvml", "process_sm_util_percent": 23.0, "process_mem_util_percent": 5.0}
{"timestamp_unix": 1772442642.894978, "pid": 115721, "device_index": 0, "gpu_uuid": "GPU-6f954bfd-7081-31b7-f15c-f9a174bf4d7f", "gpu_util_percent": 13.0, "gpu_mem_util_percent": 1.0, "gpu_mem_used_mib": 47327.0, "gpu_mem_total_mib": 49140.0, "gpu_power_w": 98.0, "process_present": true, "process_mem_mib": 46832.0, "process_mem_share_percent": 95.30321530321531, "process_util_available": true, "process_util_backend": "nvml", "process_sm_util_percent": 10.0, "process_mem_util_percent": 2.0}
{"timestamp_unix": 1772442643.1891763, "pid": 115721, "device_index": 0, "gpu_uuid": "GPU-6f954bfd-7081-31b7-f15c-f9a174bf4d7f", "gpu_util_percent": 13.0, "gpu_mem_util_percent": 1.0, "gpu_mem_used_mib": 47326.0, "gpu_mem_total_mib": 49140.0, "gpu_power_w": 98.0, "process_present": true, "process_mem_mib": 46832.0, "process_mem_share_percent": 95.30321530321531, "process_util_available": true, "process_util_backend": "nvml", "process_sm_util_percent": 28.0, "process_mem_util_percent": 8.0}
{"timestamp_unix": 1772442643.4963279, "pid": 115721, "device_index": 0, "gpu_uuid": "GPU-6f954bfd-7081-31b7-f15c-f9a174bf4d7f", "gpu_util_percent": 13.0, "gpu_mem_util_percent": 1.0, "gpu_mem_used_mib": 47326.0, "gpu_mem_total_mib": 49140.0, "gpu_power_w": 97.39, "process_present": true, "process_mem_mib": 46832.0, "process_mem_share_percent": 95.30321530321531, "process_util_available": true, "process_util_backend": "nvml", "process_sm_util_percent": 28.0, "process_mem_util_percent": 8.0}
{"timestamp_unix": 1772442643.8054872, "pid": 115721, "device_index": 0, "gpu_uuid": "GPU-6f954bfd-7081-31b7-f15c-f9a174bf4d7f", "gpu_util_percent": 27.0, "gpu_mem_util_percent": 9.0, "gpu_mem_used_mib": 47326.0, "gpu_mem_total_mib": 49140.0, "gpu_power_w": 100.21, "process_present": true, "process_mem_mib": 46832.0, "process_mem_share_percent": 95.30321530321531, "process_util_available": true, "process_util_backend": "nvml", "process_sm_util_percent": 28.0, "process_mem_util_percent": 8.0}
{"timestamp_unix": 1772442644.1123571, "pid": 115721, "device_index": 0, "gpu_uuid": "GPU-6f954bfd-7081-31b7-f15c-f9a174bf4d7f", "gpu_util_percent": 27.0, "gpu_mem_util_percent": 9.0, "gpu_mem_used_mib": 47326.0, "gpu_mem_total_mib": 49140.0, "gpu_power_w": 100.21, "process_present": true, "process_mem_mib": 46832.0, "process_mem_share_percent": 95.30321530321531, "process_util_available": true, "process_util_backend": "nvml", "process_sm_util_percent": 28.0, "process_mem_util_percent": 7.0}
{"timestamp_unix": 1772442644.4069433, "pid": 115721, "device_index": 0, "gpu_uuid": "GPU-6f954bfd-7081-31b7-f15c-f9a174bf4d7f", "gpu_util_percent": 27.0, "gpu_mem_util_percent": 9.0, "gpu_mem_used_mib": 47326.0, "gpu_mem_total_mib": 49140.0, "gpu_power_w": 102.99, "process_present": true, "process_mem_mib": 46832.0, "process_mem_share_percent": 95.30321530321531, "process_util_available": true, "process_util_backend": "nvml", "process_sm_util_percent": 27.0, "process_mem_util_percent": 8.0}
{"timestamp_unix": 1772442644.7005634, "pid": 115721, "device_index": 0, "gpu_uuid": "GPU-6f954bfd-7081-31b7-f15c-f9a174bf4d7f", "gpu_util_percent": 27.0, "gpu_mem_util_percent": 9.0, "gpu_mem_used_mib": 47326.0, "gpu_mem_total_mib": 49140.0, "gpu_power_w": 102.99, "process_present": true, "process_mem_mib": 46832.0, "process_mem_share_percent": 95.30321530321531, "process_util_available": true, "process_util_backend": "nvml", "process_sm_util_percent": 27.0, "process_mem_util_percent": 7.0}
{"timestamp_unix": 1772442644.9924047, "pid": 115721, "device_index": 0, "gpu_uuid": "GPU-6f954bfd-7081-31b7-f15c-f9a174bf4d7f", "gpu_util_percent": 27.0, "gpu_mem_util_percent": 8.0, "gpu_mem_used_mib": 47326.0, "gpu_mem_total_mib": 49140.0, "gpu_power_w": 102.62, "process_present": true, "process_mem_mib": 46832.0, "process_mem_share_percent": 95.30321530321531, "process_util_available": true, "process_util_backend": "nvml", "process_sm_util_percent": 27.0, "process_mem_util_percent": 7.0}
{"timestamp_unix": 1772442645.2856202, "pid": 115721, "device_index": 0, "gpu_uuid": "GPU-6f954bfd-7081-31b7-f15c-f9a174bf4d7f", "gpu_util_percent": 27.0, "gpu_mem_util_percent": 8.0, "gpu_mem_used_mib": 47325.0, "gpu_mem_total_mib": 49140.0, "gpu_power_w": 102.24, "process_present": true, "process_mem_mib": 46832.0, "process_mem_share_percent": 95.30321530321531, "process_util_available": true, "process_util_backend": "nvml", "process_sm_util_percent": 27.0, "process_mem_util_percent": 7.0}
{"timestamp_unix": 1772442645.5781686, "pid": 115721, "device_index": 0, "gpu_uuid": "GPU-6f954bfd-7081-31b7-f15c-f9a174bf4d7f", "gpu_util_percent": 27.0, "gpu_mem_util_percent": 8.0, "gpu_mem_used_mib": 47325.0, "gpu_mem_total_mib": 49140.0, "gpu_power_w": 102.24, "process_present": true, "process_mem_mib": 46832.0, "process_mem_share_percent": 95.30321530321531, "process_util_available": true, "process_util_backend": "nvml", "process_sm_util_percent": 27.0, "process_mem_util_percent": 7.0}
{"timestamp_unix": 1772442645.8760357, "pid": 115721, "device_index": 0, "gpu_uuid": "GPU-6f954bfd-7081-31b7-f15c-f9a174bf4d7f", "gpu_util_percent": 26.0, "gpu_mem_util_percent": 7.0, "gpu_mem_used_mib": 47325.0, "gpu_mem_total_mib": 49140.0, "gpu_power_w": 101.84, "process_present": true, "process_mem_mib": 46832.0, "process_mem_share_percent": 95.30321530321531, "process_util_available": true, "process_util_backend": "nvml", "process_sm_util_percent": 27.0, "process_mem_util_percent": 7.0}
{"timestamp_unix": 1772442646.1812298, "pid": 115721, "device_index": 0, "gpu_uuid": "GPU-6f954bfd-7081-31b7-f15c-f9a174bf4d7f", "gpu_util_percent": 26.0, "gpu_mem_util_percent": 7.0, "gpu_mem_used_mib": 47325.0, "gpu_mem_total_mib": 49140.0, "gpu_power_w": 101.84, "process_present": true, "process_mem_mib": 46832.0, "process_mem_share_percent": 95.30321530321531, "process_util_available": true, "process_util_backend": "nvml", "process_sm_util_percent": 26.0, "process_mem_util_percent": 7.0}
{"timestamp_unix": 1772442646.484373, "pid": 115721, "device_index": 0, "gpu_uuid": "GPU-6f954bfd-7081-31b7-f15c-f9a174bf4d7f", "gpu_util_percent": 26.0, "gpu_mem_util_percent": 7.0, "gpu_mem_used_mib": 47325.0, "gpu_mem_total_mib": 49140.0, "gpu_power_w": 101.72, "process_present": true, "process_mem_mib": 46832.0, "process_mem_share_percent": 95.30321530321531, "process_util_available": true, "process_util_backend": "nvml", "process_sm_util_percent": 25.0, "process_mem_util_percent": 6.0}
{"timestamp_unix": 1772442646.784053, "pid": 115721, "device_index": 0, "gpu_uuid": "GPU-6f954bfd-7081-31b7-f15c-f9a174bf4d7f", "gpu_util_percent": 23.0, "gpu_mem_util_percent": 7.0, "gpu_mem_used_mib": 47325.0, "gpu_mem_total_mib": 49140.0, "gpu_power_w": 101.26, "process_present": true, "process_mem_mib": 46832.0, "process_mem_share_percent": 95.30321530321531, "process_util_available": true, "process_util_backend": "nvml", "process_sm_util_percent": 23.0, "process_mem_util_percent": 7.0}
{"timestamp_unix": 1772442647.0832653, "pid": 115721, "device_index": 0, "gpu_uuid": "GPU-6f954bfd-7081-31b7-f15c-f9a174bf4d7f", "gpu_util_percent": 23.0, "gpu_mem_util_percent": 7.0, "gpu_mem_used_mib": 47325.0, "gpu_mem_total_mib": 49140.0, "gpu_power_w": 101.26, "process_present": true, "process_mem_mib": 46832.0, "process_mem_share_percent": 95.30321530321531, "process_util_available": true, "process_util_backend": "nvml", "process_sm_util_percent": 24.0, "process_mem_util_percent": 6.0}
{"timestamp_unix": 1772442647.3821821, "pid": 115721, "device_index": 0, "gpu_uuid": "GPU-6f954bfd-7081-31b7-f15c-f9a174bf4d7f", "gpu_util_percent": 23.0, "gpu_mem_util_percent": 7.0, "gpu_mem_used_mib": 47325.0, "gpu_mem_total_mib": 49140.0, "gpu_power_w": 100.73, "process_present": true, "process_mem_mib": 46832.0, "process_mem_share_percent": 95.30321530321531, "process_util_available": true, "process_util_backend": "nvml", "process_sm_util_percent": 23.0, "process_mem_util_percent": 6.0}
{"timestamp_unix": 1772442647.6736047, "pid": 115721, "device_index": 0, "gpu_uuid": "GPU-6f954bfd-7081-31b7-f15c-f9a174bf4d7f", "gpu_util_percent": 23.0, "gpu_mem_util_percent": 7.0, "gpu_mem_used_mib": 47325.0, "gpu_mem_total_mib": 49140.0, "gpu_power_w": 100.73, "process_present": true, "process_mem_mib": 46832.0, "process_mem_share_percent": 95.30321530321531, "process_util_available": true, "process_util_backend": "nvml", "process_sm_util_percent": 23.0, "process_mem_util_percent": 6.0}
{"timestamp_unix": 1772442647.9703677, "pid": 115721, "device_index": 0, "gpu_uuid": "GPU-6f954bfd-7081-31b7-f15c-f9a174bf4d7f", "gpu_util_percent": 23.0, "gpu_mem_util_percent": 7.0, "gpu_mem_used_mib": 47325.0, "gpu_mem_total_mib": 49140.0, "gpu_power_w": 100.86, "process_present": true, "process_mem_mib": 46832.0, "process_mem_share_percent": 95.30321530321531, "process_util_available": true, "process_util_backend": "nvml", "process_sm_util_percent": 23.0, "process_mem_util_percent": 6.0}
{"timestamp_unix": 1772442648.261025, "pid": 115721, "device_index": 0, "gpu_uuid": "GPU-6f954bfd-7081-31b7-f15c-f9a174bf4d7f", "gpu_util_percent": 23.0, "gpu_mem_util_percent": 7.0, "gpu_mem_used_mib": 47320.0, "gpu_mem_total_mib": 49140.0, "gpu_power_w": 100.86, "process_present": true, "process_mem_mib": 46832.0, "process_mem_share_percent": 95.30321530321531, "process_util_available": true, "process_util_backend": "nvml", "process_sm_util_percent": 23.0, "process_mem_util_percent": 5.0}
{"timestamp_unix": 1772442648.5550342, "pid": 115721, "device_index": 0, "gpu_uuid": "GPU-6f954bfd-7081-31b7-f15c-f9a174bf4d7f", "gpu_util_percent": 23.0, "gpu_mem_util_percent": 7.0, "gpu_mem_used_mib": 47320.0, "gpu_mem_total_mib": 49140.0, "gpu_power_w": 100.62, "process_present": true, "process_mem_mib": 46832.0, "process_mem_share_percent": 95.30321530321531, "process_util_available": true, "process_util_backend": "nvml", "process_sm_util_percent": 24.0, "process_mem_util_percent": 4.0}
{"timestamp_unix": 1772442648.8525956, "pid": 115721, "device_index": 0, "gpu_uuid": "GPU-6f954bfd-7081-31b7-f15c-f9a174bf4d7f", "gpu_util_percent": 25.0, "gpu_mem_util_percent": 5.0, "gpu_mem_used_mib": 47320.0, "gpu_mem_total_mib": 49140.0, "gpu_power_w": 99.66, "process_present": true, "process_mem_mib": 46832.0, "process_mem_share_percent": 95.30321530321531, "process_util_available": true, "process_util_backend": "nvml", "process_sm_util_percent": 12.0, "process_mem_util_percent": 2.0}
{"timestamp_unix": 1772442649.1448593, "pid": 115721, "device_index": 0, "gpu_uuid": "GPU-6f954bfd-7081-31b7-f15c-f9a174bf4d7f", "gpu_util_percent": 25.0, "gpu_mem_util_percent": 5.0, "gpu_mem_used_mib": 47318.0, "gpu_mem_total_mib": 49140.0, "gpu_power_w": 99.66, "process_present": true, "process_mem_mib": 46832.0, "process_mem_share_percent": 95.30321530321531, "process_util_available": true, "process_util_backend": "nvml", "process_sm_util_percent": 25.0, "process_mem_util_percent": 6.0}
{"timestamp_unix": 1772442649.452263, "pid": 115721, "device_index": 0, "gpu_uuid": "GPU-6f954bfd-7081-31b7-f15c-f9a174bf4d7f", "gpu_util_percent": 25.0, "gpu_mem_util_percent": 5.0, "gpu_mem_used_mib": 47318.0, "gpu_mem_total_mib": 49140.0, "gpu_power_w": 98.59, "process_present": true, "process_mem_mib": 46832.0, "process_mem_share_percent": 95.30321530321531, "process_util_available": true, "process_util_backend": "nvml", "process_sm_util_percent": 26.0, "process_mem_util_percent": 7.0}
{"timestamp_unix": 1772442649.752015, "pid": 115721, "device_index": 0, "gpu_uuid": "GPU-6f954bfd-7081-31b7-f15c-f9a174bf4d7f", "gpu_util_percent": 25.0, "gpu_mem_util_percent": 5.0, "gpu_mem_used_mib": 47318.0, "gpu_mem_total_mib": 49140.0, "gpu_power_w": 98.59, "process_present": true, "process_mem_mib": 46832.0, "process_mem_share_percent": 95.30321530321531, "process_util_available": true, "process_util_backend": "nvml", "process_sm_util_percent": 26.0, "process_mem_util_percent": 7.0}
{"timestamp_unix": 1772442650.0514374, "pid": 115721, "device_index": 0, "gpu_uuid": "GPU-6f954bfd-7081-31b7-f15c-f9a174bf4d7f", "gpu_util_percent": 25.0, "gpu_mem_util_percent": 7.0, "gpu_mem_used_mib": 47318.0, "gpu_mem_total_mib": 49140.0, "gpu_power_w": 100.07, "process_present": true, "process_mem_mib": 46832.0, "process_mem_share_percent": 95.30321530321531, "process_util_available": true, "process_util_backend": "nvml", "process_sm_util_percent": 26.0, "process_mem_util_percent": 7.0}
{"timestamp_unix": 1772442650.344922, "pid": 115721, "device_index": 0, "gpu_uuid": "GPU-6f954bfd-7081-31b7-f15c-f9a174bf4d7f", "gpu_util_percent": 25.0, "gpu_mem_util_percent": 7.0, "gpu_mem_used_mib": 47318.0, "gpu_mem_total_mib": 49140.0, "gpu_power_w": 102.22, "process_present": true, "process_mem_mib": 46832.0, "process_mem_share_percent": 95.30321530321531, "process_util_available": true, "process_util_backend": "nvml", "process_sm_util_percent": 26.0, "process_mem_util_percent": 7.0}
{"timestamp_unix": 1772442650.6386144, "pid": 115721, "device_index": 0, "gpu_uuid": "GPU-6f954bfd-7081-31b7-f15c-f9a174bf4d7f", "gpu_util_percent": 25.0, "gpu_mem_util_percent": 7.0, "gpu_mem_used_mib": 47318.0, "gpu_mem_total_mib": 49140.0, "gpu_power_w": 102.22, "process_present": true, "process_mem_mib": 46832.0, "process_mem_share_percent": 95.30321530321531, "process_util_available": true, "process_util_backend": "nvml", "process_sm_util_percent": 26.0, "process_mem_util_percent": 7.0}
{"timestamp_unix": 1772442650.9304016, "pid": 115721, "device_index": 0, "gpu_uuid": "GPU-6f954bfd-7081-31b7-f15c-f9a174bf4d7f", "gpu_util_percent": 26.0, "gpu_mem_util_percent": 7.0, "gpu_mem_used_mib": 47318.0, "gpu_mem_total_mib": 49140.0, "gpu_power_w": 102.6, "process_present": true, "process_mem_mib": 46832.0, "process_mem_share_percent": 95.30321530321531, "process_util_available": true, "process_util_backend": "nvml", "process_sm_util_percent": 13.0, "process_mem_util_percent": 3.0}
{"timestamp_unix": 1772442651.2234347, "pid": 115721, "device_index": 0, "gpu_uuid": "GPU-6f954bfd-7081-31b7-f15c-f9a174bf4d7f", "gpu_util_percent": 26.0, "gpu_mem_util_percent": 7.0, "gpu_mem_used_mib": 47318.0, "gpu_mem_total_mib": 49140.0, "gpu_power_w": 102.6, "process_present": true, "process_mem_mib": 46832.0, "process_mem_share_percent": 95.30321530321531, "process_util_available": true, "process_util_backend": "nvml", "process_sm_util_percent": null, "process_mem_util_percent": null}
{"timestamp_unix": 1772442651.5174437, "pid": 115721, "device_index": 0, "gpu_uuid": "GPU-6f954bfd-7081-31b7-f15c-f9a174bf4d7f", "gpu_util_percent": 26.0, "gpu_mem_util_percent": 7.0, "gpu_mem_used_mib": 47318.0, "gpu_mem_total_mib": 49140.0, "gpu_power_w": 102.95, "process_present": true, "process_mem_mib": 46832.0, "process_mem_share_percent": 95.30321530321531, "process_util_available": true, "process_util_backend": "nvml", "process_sm_util_percent": 14.0, "process_mem_util_percent": 4.0}
{"timestamp_unix": 1772442651.8132977, "pid": 115721, "device_index": 0, "gpu_uuid": "GPU-6f954bfd-7081-31b7-f15c-f9a174bf4d7f", "gpu_util_percent": 28.0, "gpu_mem_util_percent": 8.0, "gpu_mem_used_mib": 47318.0, "gpu_mem_total_mib": 49140.0, "gpu_power_w": 103.62, "process_present": true, "process_mem_mib": 46832.0, "process_mem_share_percent": 95.30321530321531, "process_util_available": true, "process_util_backend": "nvml", "process_sm_util_percent": 27.0, "process_mem_util_percent": 7.0}
{"timestamp_unix": 1772442652.1195688, "pid": 115721, "device_index": 0, "gpu_uuid": "GPU-6f954bfd-7081-31b7-f15c-f9a174bf4d7f", "gpu_util_percent": 28.0, "gpu_mem_util_percent": 8.0, "gpu_mem_used_mib": 47318.0, "gpu_mem_total_mib": 49140.0, "gpu_power_w": 103.62, "process_present": true, "process_mem_mib": 46832.0, "process_mem_share_percent": 95.30321530321531, "process_util_available": true, "process_util_backend": "nvml", "process_sm_util_percent": 27.0, "process_mem_util_percent": 7.0}
{"timestamp_unix": 1772442652.4193022, "pid": 115721, "device_index": 0, "gpu_uuid": "GPU-6f954bfd-7081-31b7-f15c-f9a174bf4d7f", "gpu_util_percent": 28.0, "gpu_mem_util_percent": 8.0, "gpu_mem_used_mib": 47318.0, "gpu_mem_total_mib": 49140.0, "gpu_power_w": 103.81, "process_present": true, "process_mem_mib": 46832.0, "process_mem_share_percent": 95.30321530321531, "process_util_available": true, "process_util_backend": "nvml", "process_sm_util_percent": 27.0, "process_mem_util_percent": 8.0}
{"timestamp_unix": 1772442652.7202077, "pid": 115721, "device_index": 0, "gpu_uuid": "GPU-6f954bfd-7081-31b7-f15c-f9a174bf4d7f", "gpu_util_percent": 28.0, "gpu_mem_util_percent": 8.0, "gpu_mem_used_mib": 47840.0, "gpu_mem_total_mib": 49140.0, "gpu_power_w": 103.81, "process_present": true, "process_mem_mib": 47476.0, "process_mem_share_percent": 96.61375661375662, "process_util_available": true, "process_util_backend": "nvml", "process_sm_util_percent": 27.0, "process_mem_util_percent": 7.0}
{"timestamp_unix": 1772442653.0197258, "pid": 115721, "device_index": 0, "gpu_uuid": "GPU-6f954bfd-7081-31b7-f15c-f9a174bf4d7f", "gpu_util_percent": 27.0, "gpu_mem_util_percent": 8.0, "gpu_mem_used_mib": 46964.0, "gpu_mem_total_mib": 49140.0, "gpu_power_w": 103.86, "process_present": true, "process_mem_mib": 46780.0, "process_mem_share_percent": 95.1973951973952, "process_util_available": true, "process_util_backend": "nvml", "process_sm_util_percent": 27.0, "process_mem_util_percent": 8.0}
{"timestamp_unix": 1772442653.3123748, "pid": 115721, "device_index": 0, "gpu_uuid": "GPU-6f954bfd-7081-31b7-f15c-f9a174bf4d7f", "gpu_util_percent": 27.0, "gpu_mem_util_percent": 8.0, "gpu_mem_used_mib": 47514.0, "gpu_mem_total_mib": 49140.0, "gpu_power_w": 101.62, "process_present": true, "process_mem_mib": 47028.0, "process_mem_share_percent": 95.7020757020757, "process_util_available": true, "process_util_backend": "nvml", "process_sm_util_percent": null, "process_mem_util_percent": null}
{"timestamp_unix": 1772442653.603644, "pid": 115721, "device_index": 0, "gpu_uuid": "GPU-6f954bfd-7081-31b7-f15c-f9a174bf4d7f", "gpu_util_percent": 27.0, "gpu_mem_util_percent": 8.0, "gpu_mem_used_mib": 48166.0, "gpu_mem_total_mib": 49140.0, "gpu_power_w": 101.62, "process_present": true, "process_mem_mib": 47680.0, "process_mem_share_percent": 97.02889702889703, "process_util_available": true, "process_util_backend": "nvml", "process_sm_util_percent": 24.0, "process_mem_util_percent": 7.0}
{"timestamp_unix": 1772442653.8937764, "pid": 115721, "device_index": 0, "gpu_uuid": "GPU-6f954bfd-7081-31b7-f15c-f9a174bf4d7f", "gpu_util_percent": 30.0, "gpu_mem_util_percent": 11.0, "gpu_mem_used_mib": 48166.0, "gpu_mem_total_mib": 49140.0, "gpu_power_w": 100.24, "process_present": true, "process_mem_mib": 47680.0, "process_mem_share_percent": 97.02889702889703, "process_util_available": true, "process_util_backend": "nvml", "process_sm_util_percent": 30.0, "process_mem_util_percent": 11.0}
{"timestamp_unix": 1772442654.1894505, "pid": 115721, "device_index": 0, "gpu_uuid": "GPU-6f954bfd-7081-31b7-f15c-f9a174bf4d7f", "gpu_util_percent": 30.0, "gpu_mem_util_percent": 11.0, "gpu_mem_used_mib": 48166.0, "gpu_mem_total_mib": 49140.0, "gpu_power_w": 100.24, "process_present": true, "process_mem_mib": 47680.0, "process_mem_share_percent": 97.02889702889703, "process_util_available": true, "process_util_backend": "nvml", "process_sm_util_percent": 30.0, "process_mem_util_percent": 12.0}
{"timestamp_unix": 1772442654.481653, "pid": 115721, "device_index": 0, "gpu_uuid": "GPU-6f954bfd-7081-31b7-f15c-f9a174bf4d7f", "gpu_util_percent": 30.0, "gpu_mem_util_percent": 11.0, "gpu_mem_used_mib": 48166.0, "gpu_mem_total_mib": 49140.0, "gpu_power_w": 103.25, "process_present": true, "process_mem_mib": 47680.0, "process_mem_share_percent": 97.02889702889703, "process_util_available": true, "process_util_backend": "nvml", "process_sm_util_percent": 30.0, "process_mem_util_percent": 11.0}
{"timestamp_unix": 1772442654.7736561, "pid": 115721, "device_index": 0, "gpu_uuid": "GPU-6f954bfd-7081-31b7-f15c-f9a174bf4d7f", "gpu_util_percent": 30.0, "gpu_mem_util_percent": 11.0, "gpu_mem_used_mib": 48166.0, "gpu_mem_total_mib": 49140.0, "gpu_power_w": 108.43, "process_present": true, "process_mem_mib": 47680.0, "process_mem_share_percent": 97.02889702889703, "process_util_available": true, "process_util_backend": "nvml", "process_sm_util_percent": 29.0, "process_mem_util_percent": 11.0}
{"timestamp_unix": 1772442655.0819612, "pid": 115721, "device_index": 0, "gpu_uuid": "GPU-6f954bfd-7081-31b7-f15c-f9a174bf4d7f", "gpu_util_percent": 30.0, "gpu_mem_util_percent": 11.0, "gpu_mem_used_mib": 48168.0, "gpu_mem_total_mib": 49140.0, "gpu_power_w": 108.43, "process_present": true, "process_mem_mib": 47680.0, "process_mem_share_percent": 97.02889702889703, "process_util_available": true, "process_util_backend": "nvml", "process_sm_util_percent": 31.0, "process_mem_util_percent": 11.0}
{"timestamp_unix": 1772442655.3849516, "pid": 115721, "device_index": 0, "gpu_uuid": "GPU-6f954bfd-7081-31b7-f15c-f9a174bf4d7f", "gpu_util_percent": 30.0, "gpu_mem_util_percent": 11.0, "gpu_mem_used_mib": 48168.0, "gpu_mem_total_mib": 49140.0, "gpu_power_w": 108.37, "process_present": true, "process_mem_mib": 47680.0, "process_mem_share_percent": 97.02889702889703, "process_util_available": true, "process_util_backend": "nvml", "process_sm_util_percent": 30.0, "process_mem_util_percent": 11.0}
{"timestamp_unix": 1772442655.6853402, "pid": 115721, "device_index": 0, "gpu_uuid": "GPU-6f954bfd-7081-31b7-f15c-f9a174bf4d7f", "gpu_util_percent": 30.0, "gpu_mem_util_percent": 11.0, "gpu_mem_used_mib": 48168.0, "gpu_mem_total_mib": 49140.0, "gpu_power_w": 108.37, "process_present": true, "process_mem_mib": 47680.0, "process_mem_share_percent": 97.02889702889703, "process_util_available": true, "process_util_backend": "nvml", "process_sm_util_percent": 29.0, "process_mem_util_percent": 11.0}
{"timestamp_unix": 1772442655.9770215, "pid": 115721, "device_index": 0, "gpu_uuid": "GPU-6f954bfd-7081-31b7-f15c-f9a174bf4d7f", "gpu_util_percent": 30.0, "gpu_mem_util_percent": 11.0, "gpu_mem_used_mib": 48168.0, "gpu_mem_total_mib": 49140.0, "gpu_power_w": 107.73, "process_present": true, "process_mem_mib": 47680.0, "process_mem_share_percent": 97.02889702889703, "process_util_available": true, "process_util_backend": "nvml", "process_sm_util_percent": 30.0, "process_mem_util_percent": 11.0}
{"timestamp_unix": 1772442656.2706645, "pid": 115721, "device_index": 0, "gpu_uuid": "GPU-6f954bfd-7081-31b7-f15c-f9a174bf4d7f", "gpu_util_percent": 30.0, "gpu_mem_util_percent": 11.0, "gpu_mem_used_mib": 48175.0, "gpu_mem_total_mib": 49140.0, "gpu_power_w": 107.53, "process_present": true, "process_mem_mib": 47680.0, "process_mem_share_percent": 97.02889702889703, "process_util_available": true, "process_util_backend": "nvml", "process_sm_util_percent": 30.0, "process_mem_util_percent": 10.0}
{"timestamp_unix": 1772442656.5625937, "pid": 115721, "device_index": 0, "gpu_uuid": "GPU-6f954bfd-7081-31b7-f15c-f9a174bf4d7f", "gpu_util_percent": 30.0, "gpu_mem_util_percent": 11.0, "gpu_mem_used_mib": 48179.0, "gpu_mem_total_mib": 49140.0, "gpu_power_w": 107.53, "process_present": true, "process_mem_mib": 47680.0, "process_mem_share_percent": 97.02889702889703, "process_util_available": true, "process_util_backend": "nvml", "process_sm_util_percent": 29.0, "process_mem_util_percent": 10.0}
{"timestamp_unix": 1772442656.862273, "pid": 115721, "device_index": 0, "gpu_uuid": "GPU-6f954bfd-7081-31b7-f15c-f9a174bf4d7f", "gpu_util_percent": 29.0, "gpu_mem_util_percent": 11.0, "gpu_mem_used_mib": 48179.0, "gpu_mem_total_mib": 49140.0, "gpu_power_w": 107.05, "process_present": true, "process_mem_mib": 47680.0, "process_mem_share_percent": 97.02889702889703, "process_util_available": true, "process_util_backend": "nvml", "process_sm_util_percent": 28.0, "process_mem_util_percent": 9.0}
{"timestamp_unix": 1772442657.1561046, "pid": 115721, "device_index": 0, "gpu_uuid": "GPU-6f954bfd-7081-31b7-f15c-f9a174bf4d7f", "gpu_util_percent": 29.0, "gpu_mem_util_percent": 11.0, "gpu_mem_used_mib": 48179.0, "gpu_mem_total_mib": 49140.0, "gpu_power_w": 107.05, "process_present": true, "process_mem_mib": 47680.0, "process_mem_share_percent": 97.02889702889703, "process_util_available": true, "process_util_backend": "nvml", "process_sm_util_percent": 30.0, "process_mem_util_percent": 10.0}
{"timestamp_unix": 1772442657.4522345, "pid": 115721, "device_index": 0, "gpu_uuid": "GPU-6f954bfd-7081-31b7-f15c-f9a174bf4d7f", "gpu_util_percent": 29.0, "gpu_mem_util_percent": 11.0, "gpu_mem_used_mib": 48179.0, "gpu_mem_total_mib": 49140.0, "gpu_power_w": 106.3, "process_present": true, "process_mem_mib": 47680.0, "process_mem_share_percent": 97.02889702889703, "process_util_available": true, "process_util_backend": "nvml", "process_sm_util_percent": 30.0, "process_mem_util_percent": 10.0}
{"timestamp_unix": 1772442657.7525096, "pid": 115721, "device_index": 0, "gpu_uuid": "GPU-6f954bfd-7081-31b7-f15c-f9a174bf4d7f", "gpu_util_percent": 29.0, "gpu_mem_util_percent": 11.0, "gpu_mem_used_mib": 48179.0, "gpu_mem_total_mib": 49140.0, "gpu_power_w": 106.3, "process_present": true, "process_mem_mib": 47680.0, "process_mem_share_percent": 97.02889702889703, "process_util_available": true, "process_util_backend": "nvml", "process_sm_util_percent": 29.0, "process_mem_util_percent": 9.0}
{"timestamp_unix": 1772442658.0528686, "pid": 115721, "device_index": 0, "gpu_uuid": "GPU-6f954bfd-7081-31b7-f15c-f9a174bf4d7f", "gpu_util_percent": 29.0, "gpu_mem_util_percent": 10.0, "gpu_mem_used_mib": 48179.0, "gpu_mem_total_mib": 49140.0, "gpu_power_w": 106.08, "process_present": true, "process_mem_mib": 47680.0, "process_mem_share_percent": 97.02889702889703, "process_util_available": true, "process_util_backend": "nvml", "process_sm_util_percent": 29.0, "process_mem_util_percent": 8.0}
{"timestamp_unix": 1772442658.379308, "pid": 115721, "device_index": 0, "gpu_uuid": "GPU-6f954bfd-7081-31b7-f15c-f9a174bf4d7f", "gpu_util_percent": 29.0, "gpu_mem_util_percent": 10.0, "gpu_mem_used_mib": 48179.0, "gpu_mem_total_mib": 49140.0, "gpu_power_w": 105.06, "process_present": true, "process_mem_mib": 47680.0, "process_mem_share_percent": 97.02889702889703, "process_util_available": true, "process_util_backend": "nvml", "process_sm_util_percent": 27.0, "process_mem_util_percent": 6.0}
{"timestamp_unix": 1772442658.6701393, "pid": 115721, "device_index": 0, "gpu_uuid": "GPU-6f954bfd-7081-31b7-f15c-f9a174bf4d7f", "gpu_util_percent": 29.0, "gpu_mem_util_percent": 10.0, "gpu_mem_used_mib": 48179.0, "gpu_mem_total_mib": 49140.0, "gpu_power_w": 105.06, "process_present": true, "process_mem_mib": 47680.0, "process_mem_share_percent": 97.02889702889703, "process_util_available": true, "process_util_backend": "nvml", "process_sm_util_percent": 26.0, "process_mem_util_percent": 6.0}
{"timestamp_unix": 1772442658.9606438, "pid": 115721, "device_index": 0, "gpu_uuid": "GPU-6f954bfd-7081-31b7-f15c-f9a174bf4d7f", "gpu_util_percent": 26.0, "gpu_mem_util_percent": 7.0, "gpu_mem_used_mib": 48179.0, "gpu_mem_total_mib": 49140.0, "gpu_power_w": 102.79, "process_present": true, "process_mem_mib": 47680.0, "process_mem_share_percent": 97.02889702889703, "process_util_available": true, "process_util_backend": "nvml", "process_sm_util_percent": 26.0, "process_mem_util_percent": 6.0}
{"timestamp_unix": 1772442659.2535834, "pid": 115721, "device_index": 0, "gpu_uuid": "GPU-6f954bfd-7081-31b7-f15c-f9a174bf4d7f", "gpu_util_percent": 26.0, "gpu_mem_util_percent": 7.0, "gpu_mem_used_mib": 48180.0, "gpu_mem_total_mib": 49140.0, "gpu_power_w": 102.79, "process_present": true, "process_mem_mib": 47680.0, "process_mem_share_percent": 97.02889702889703, "process_util_available": true, "process_util_backend": "nvml", "process_sm_util_percent": 27.0, "process_mem_util_percent": 6.0}
{"timestamp_unix": 1772442659.5437968, "pid": 115721, "device_index": 0, "gpu_uuid": "GPU-6f954bfd-7081-31b7-f15c-f9a174bf4d7f", "gpu_util_percent": 26.0, "gpu_mem_util_percent": 7.0, "gpu_mem_used_mib": 48180.0, "gpu_mem_total_mib": 49140.0, "gpu_power_w": 101.36, "process_present": true, "process_mem_mib": 47680.0, "process_mem_share_percent": 97.02889702889703, "process_util_available": true, "process_util_backend": "nvml", "process_sm_util_percent": 22.0, "process_mem_util_percent": 5.0}
{"timestamp_unix": 1772442659.8357043, "pid": 115721, "device_index": 0, "gpu_uuid": "GPU-6f954bfd-7081-31b7-f15c-f9a174bf4d7f", "gpu_util_percent": 27.0, "gpu_mem_util_percent": 8.0, "gpu_mem_used_mib": 48180.0, "gpu_mem_total_mib": 49140.0, "gpu_power_w": 100.85, "process_present": true, "process_mem_mib": 47680.0, "process_mem_share_percent": 97.02889702889703, "process_util_available": true, "process_util_backend": "nvml", "process_sm_util_percent": 26.0, "process_mem_util_percent": 7.0}
{"timestamp_unix": 1772442660.1352918, "pid": 115721, "device_index": 0, "gpu_uuid": "GPU-6f954bfd-7081-31b7-f15c-f9a174bf4d7f", "gpu_util_percent": 27.0, "gpu_mem_util_percent": 8.0, "gpu_mem_used_mib": 48180.0, "gpu_mem_total_mib": 49140.0, "gpu_power_w": 100.85, "process_present": true, "process_mem_mib": 47680.0, "process_mem_share_percent": 97.02889702889703, "process_util_available": true, "process_util_backend": "nvml", "process_sm_util_percent": 28.0, "process_mem_util_percent": 7.0}
{"timestamp_unix": 1772442660.4368236, "pid": 115721, "device_index": 0, "gpu_uuid": "GPU-6f954bfd-7081-31b7-f15c-f9a174bf4d7f", "gpu_util_percent": 27.0, "gpu_mem_util_percent": 8.0, "gpu_mem_used_mib": 48180.0, "gpu_mem_total_mib": 49140.0, "gpu_power_w": 102.01, "process_present": true, "process_mem_mib": 47680.0, "process_mem_share_percent": 97.02889702889703, "process_util_available": true, "process_util_backend": "nvml", "process_sm_util_percent": 27.0, "process_mem_util_percent": 7.0}
{"timestamp_unix": 1772442660.7466033, "pid": 115721, "device_index": 0, "gpu_uuid": "GPU-6f954bfd-7081-31b7-f15c-f9a174bf4d7f", "gpu_util_percent": 27.0, "gpu_mem_util_percent": 8.0, "gpu_mem_used_mib": 48180.0, "gpu_mem_total_mib": 49140.0, "gpu_power_w": 102.01, "process_present": true, "process_mem_mib": 47680.0, "process_mem_share_percent": 97.02889702889703, "process_util_available": true, "process_util_backend": "nvml", "process_sm_util_percent": 28.0, "process_mem_util_percent": 8.0}
{"timestamp_unix": 1772442661.0406034, "pid": 115721, "device_index": 0, "gpu_uuid": "GPU-6f954bfd-7081-31b7-f15c-f9a174bf4d7f", "gpu_util_percent": 28.0, "gpu_mem_util_percent": 8.0, "gpu_mem_used_mib": 48180.0, "gpu_mem_total_mib": 49140.0, "gpu_power_w": 104.07, "process_present": true, "process_mem_mib": 47680.0, "process_mem_share_percent": 97.02889702889703, "process_util_available": true, "process_util_backend": "nvml", "process_sm_util_percent": 28.0, "process_mem_util_percent": 8.0}
{"timestamp_unix": 1772442661.3367417, "pid": 115721, "device_index": 0, "gpu_uuid": "GPU-6f954bfd-7081-31b7-f15c-f9a174bf4d7f", "gpu_util_percent": 28.0, "gpu_mem_util_percent": 8.0, "gpu_mem_used_mib": 48180.0, "gpu_mem_total_mib": 49140.0, "gpu_power_w": 104.62, "process_present": true, "process_mem_mib": 47680.0, "process_mem_share_percent": 97.02889702889703, "process_util_available": true, "process_util_backend": "nvml", "process_sm_util_percent": 28.0, "process_mem_util_percent": 8.0}
{"timestamp_unix": 1772442661.6283312, "pid": 115721, "device_index": 0, "gpu_uuid": "GPU-6f954bfd-7081-31b7-f15c-f9a174bf4d7f", "gpu_util_percent": 28.0, "gpu_mem_util_percent": 8.0, "gpu_mem_used_mib": 48176.0, "gpu_mem_total_mib": 49140.0, "gpu_power_w": 104.62, "process_present": true, "process_mem_mib": 47680.0, "process_mem_share_percent": 97.02889702889703, "process_util_available": true, "process_util_backend": "nvml", "process_sm_util_percent": 28.0, "process_mem_util_percent": 8.0}
{"timestamp_unix": 1772442661.9225435, "pid": 115721, "device_index": 0, "gpu_uuid": "GPU-6f954bfd-7081-31b7-f15c-f9a174bf4d7f", "gpu_util_percent": 29.0, "gpu_mem_util_percent": 8.0, "gpu_mem_used_mib": 48176.0, "gpu_mem_total_mib": 49140.0, "gpu_power_w": 105.22, "process_present": true, "process_mem_mib": 47680.0, "process_mem_share_percent": 97.02889702889703, "process_util_available": true, "process_util_backend": "nvml", "process_sm_util_percent": 14.0, "process_mem_util_percent": 4.0}
{"timestamp_unix": 1772442662.2143915, "pid": 115721, "device_index": 0, "gpu_uuid": "GPU-6f954bfd-7081-31b7-f15c-f9a174bf4d7f", "gpu_util_percent": 29.0, "gpu_mem_util_percent": 8.0, "gpu_mem_used_mib": 48176.0, "gpu_mem_total_mib": 49140.0, "gpu_power_w": 105.22, "process_present": true, "process_mem_mib": 47680.0, "process_mem_share_percent": 97.02889702889703, "process_util_available": true, "process_util_backend": "nvml", "process_sm_util_percent": 28.0, "process_mem_util_percent": 8.0}
{"timestamp_unix": 1772442662.5068028, "pid": 115721, "device_index": 0, "gpu_uuid": "GPU-6f954bfd-7081-31b7-f15c-f9a174bf4d7f", "gpu_util_percent": 29.0, "gpu_mem_util_percent": 8.0, "gpu_mem_used_mib": 48176.0, "gpu_mem_total_mib": 49140.0, "gpu_power_w": 105.69, "process_present": true, "process_mem_mib": 47680.0, "process_mem_share_percent": 97.02889702889703, "process_util_available": true, "process_util_backend": "nvml", "process_sm_util_percent": 14.0, "process_mem_util_percent": 4.0}
{"timestamp_unix": 1772442662.8200142, "pid": 115721, "device_index": 0, "gpu_uuid": "GPU-6f954bfd-7081-31b7-f15c-f9a174bf4d7f", "gpu_util_percent": 30.0, "gpu_mem_util_percent": 10.0, "gpu_mem_used_mib": 48176.0, "gpu_mem_total_mib": 49140.0, "gpu_power_w": 106.69, "process_present": true, "process_mem_mib": 47680.0, "process_mem_share_percent": 97.02889702889703, "process_util_available": true, "process_util_backend": "nvml", "process_sm_util_percent": 29.0, "process_mem_util_percent": 9.0}
{"timestamp_unix": 1772442663.1180131, "pid": 115721, "device_index": 0, "gpu_uuid": "GPU-6f954bfd-7081-31b7-f15c-f9a174bf4d7f", "gpu_util_percent": 30.0, "gpu_mem_util_percent": 10.0, "gpu_mem_used_mib": 48176.0, "gpu_mem_total_mib": 49140.0, "gpu_power_w": 106.69, "process_present": true, "process_mem_mib": 47680.0, "process_mem_share_percent": 97.02889702889703, "process_util_available": true, "process_util_backend": "nvml", "process_sm_util_percent": 30.0, "process_mem_util_percent": 9.0}
{"timestamp_unix": 1772442663.419235, "pid": 115721, "device_index": 0, "gpu_uuid": "GPU-6f954bfd-7081-31b7-f15c-f9a174bf4d7f", "gpu_util_percent": 30.0, "gpu_mem_util_percent": 10.0, "gpu_mem_used_mib": 45784.0, "gpu_mem_total_mib": 49140.0, "gpu_power_w": 107.07, "process_present": true, "process_mem_mib": 45578.0, "process_mem_share_percent": 92.75132275132275, "process_util_available": true, "process_util_backend": "nvml", "process_sm_util_percent": 29.0, "process_mem_util_percent": 9.0}
{"timestamp_unix": 1772442663.7173703, "pid": 115721, "device_index": 0, "gpu_uuid": "GPU-6f954bfd-7081-31b7-f15c-f9a174bf4d7f", "gpu_util_percent": 30.0, "gpu_mem_util_percent": 10.0, "gpu_mem_used_mib": 47844.0, "gpu_mem_total_mib": 49140.0, "gpu_power_w": 107.07, "process_present": true, "process_mem_mib": 47618.0, "process_mem_share_percent": 96.9027269027269, "process_util_available": true, "process_util_backend": "nvml", "process_sm_util_percent": 36.0, "process_mem_util_percent": 6.0}
{"timestamp_unix": 1772442664.0090399, "pid": 115721, "device_index": 0, "gpu_uuid": "GPU-6f954bfd-7081-31b7-f15c-f9a174bf4d7f", "gpu_util_percent": 26.0, "gpu_mem_util_percent": 8.0, "gpu_mem_used_mib": 48114.0, "gpu_mem_total_mib": 49140.0, "gpu_power_w": 108.04, "process_present": true, "process_mem_mib": 47618.0, "process_mem_share_percent": 96.9027269027269, "process_util_available": true, "process_util_backend": "nvml", "process_sm_util_percent": null, "process_mem_util_percent": null}
