{"timestamp_unix": 1772437544.0502584, "pid": 89012, "device_index": 0, "gpu_uuid": "GPU-6f954bfd-7081-31b7-f15c-f9a174bf4d7f", "gpu_util_percent": 14.0, "gpu_mem_util_percent": 1.0, "gpu_mem_used_mib": 997.0, "gpu_mem_total_mib": 49140.0, "gpu_power_w": 49.72, "process_present": true, "process_mem_mib": 500.0, "process_mem_share_percent": 1.0175010175010175, "process_util_available": true, "process_util_backend": "nvml", "process_sm_util_percent": null, "process_mem_util_percent": null}
{"timestamp_unix": 1772437544.4285686, "pid": 89012, "device_index": 0, "gpu_uuid": "GPU-6f954bfd-7081-31b7-f15c-f9a174bf4d7f", "gpu_util_percent": 14.0, "gpu_mem_util_percent": 1.0, "gpu_mem_used_mib": 998.0, "gpu_mem_total_mib": 49140.0, "gpu_power_w": 49.72, "process_present": true, "process_mem_mib": 500.0, "process_mem_share_percent": 1.0175010175010175, "process_util_available": true, "process_util_backend": "nvml", "process_sm_util_percent": null, "process_mem_util_percent": null}
{"timestamp_unix": 1772437544.736864, "pid": 89012, "device_index": 0, "gpu_uuid": "GPU-6f954bfd-7081-31b7-f15c-f9a174bf4d7f", "gpu_util_percent": 14.0, "gpu_mem_util_percent": 1.0, "gpu_mem_used_mib": 998.0, "gpu_mem_total_mib": 49140.0, "gpu_power_w": 67.39, "process_present": true, "process_mem_mib": 500.0, "process_mem_share_percent": 1.0175010175010175, "process_util_available": true, "process_util_backend": "nvml", "process_sm_util_percent": null, "process_mem_util_percent": null}
{"timestamp_unix": 1772437545.051226, "pid": 89012, "device_index": 0, "gpu_uuid": "GPU-6f954bfd-7081-31b7-f15c-f9a174bf4d7f", "gpu_util_percent": 15.0, "gpu_mem_util_percent": 1.0, "gpu_mem_used_mib": 998.0, "gpu_mem_total_mib": 49140.0, "gpu_power_w": 83.87, "process_present": true, "process_mem_mib": 500.0, "process_mem_share_percent": 1.0175010175010175, "process_util_available": true, "process_util_backend": "nvml", "process_sm_util_percent": null, "process_mem_util_percent": null}
{"timestamp_unix": 1772437545.3395143, "pid": 89012, "device_index": 0, "gpu_uuid": "GPU-6f954bfd-7081-31b7-f15c-f9a174bf4d7f", "gpu_util_percent": 15.0, "gpu_mem_util_percent": 1.0, "gpu_mem_used_mib": 1116.0, "gpu_mem_total_mib": 49140.0, "gpu_power_w": 83.87, "process_present": true, "process_mem_mib": 700.0, "process_mem_share_percent": 1.4245014245014245, "process_util_available": true, "process_util_backend": "nvml", "process_sm_util_percent": null, "process_mem_util_percent": null}
{"timestamp_unix": 1772437545.6309712, "pid": 89012, "device_index": 0, "gpu_uuid": "GPU-6f954bfd-7081-31b7-f15c-f9a174bf4d7f", "gpu_util_percent": 15.0, "gpu_mem_util_percent": 1.0, "gpu_mem_used_mib": 1734.0, "gpu_mem_total_mib": 49140.0, "gpu_power_w": 85.08, "process_present": true, "process_mem_mib": 1236.0, "process_mem_share_percent": 2.515262515262515, "process_util_available": true, "process_util_backend": "nvml", "process_sm_util_percent": 21.0, "process_mem_util_percent": 1.0}
{"timestamp_unix": 1772437545.9183042, "pid": 89012, "device_index": 0, "gpu_uuid": "GPU-6f954bfd-7081-31b7-f15c-f9a174bf4d7f", "gpu_util_percent": 15.0, "gpu_mem_util_percent": 1.0, "gpu_mem_used_mib": 2022.0, "gpu_mem_total_mib": 49140.0, "gpu_power_w": 85.08, "process_present": true, "process_mem_mib": 1548.0, "process_mem_share_percent": 3.15018315018315, "process_util_available": true, "process_util_backend": "nvml", "process_sm_util_percent": 8.0, "process_mem_util_percent": 0.0}
{"timestamp_unix": 1772437546.2068768, "pid": 89012, "device_index": 0, "gpu_uuid": "GPU-6f954bfd-7081-31b7-f15c-f9a174bf4d7f", "gpu_util_percent": 16.0, "gpu_mem_util_percent": 1.0, "gpu_mem_used_mib": 3800.0, "gpu_mem_total_mib": 49140.0, "gpu_power_w": 87.0, "process_present": true, "process_mem_mib": 3636.0, "process_mem_share_percent": 7.3992673992674, "process_util_available": true, "process_util_backend": "nvml", "process_sm_util_percent": 21.0, "process_mem_util_percent": 3.0}
{"timestamp_unix": 1772437546.508804, "pid": 89012, "device_index": 0, "gpu_uuid": "GPU-6f954bfd-7081-31b7-f15c-f9a174bf4d7f", "gpu_util_percent": 16.0, "gpu_mem_util_percent": 1.0, "gpu_mem_used_mib": 6189.0, "gpu_mem_total_mib": 49140.0, "gpu_power_w": 90.53, "process_present": true, "process_mem_mib": 5984.0, "process_mem_share_percent": 12.177452177452178, "process_util_available": true, "process_util_backend": "nvml", "process_sm_util_percent": 11.0, "process_mem_util_percent": 2.0}
{"timestamp_unix": 1772437546.8149564, "pid": 89012, "device_index": 0, "gpu_uuid": "GPU-6f954bfd-7081-31b7-f15c-f9a174bf4d7f", "gpu_util_percent": 16.0, "gpu_mem_util_percent": 1.0, "gpu_mem_used_mib": 8457.0, "gpu_mem_total_mib": 49140.0, "gpu_power_w": 90.53, "process_present": true, "process_mem_mib": 8282.0, "process_mem_share_percent": 16.853886853886856, "process_util_available": true, "process_util_backend": "nvml", "process_sm_util_percent": 22.0, "process_mem_util_percent": 4.0}
{"timestamp_unix": 1772437547.1141753, "pid": 89012, "device_index": 0, "gpu_uuid": "GPU-6f954bfd-7081-31b7-f15c-f9a174bf4d7f", "gpu_util_percent": 23.0, "gpu_mem_util_percent": 5.0, "gpu_mem_used_mib": 11097.0, "gpu_mem_total_mib": 49140.0, "gpu_power_w": 92.35, "process_present": true, "process_mem_mib": 11016.0, "process_mem_share_percent": 22.41758241758242, "process_util_available": true, "process_util_backend": "nvml", "process_sm_util_percent": 11.0, "process_mem_util_percent": 2.0}
{"timestamp_unix": 1772437547.4042876, "pid": 89012, "device_index": 0, "gpu_uuid": "GPU-6f954bfd-7081-31b7-f15c-f9a174bf4d7f", "gpu_util_percent": 23.0, "gpu_mem_util_percent": 5.0, "gpu_mem_used_mib": 13845.0, "gpu_mem_total_mib": 49140.0, "gpu_power_w": 92.35, "process_present": true, "process_mem_mib": 13690.0, "process_mem_share_percent": 27.85917785917786, "process_util_available": true, "process_util_backend": "nvml", "process_sm_util_percent": null, "process_mem_util_percent": null}
{"timestamp_unix": 1772437547.695638, "pid": 89012, "device_index": 0, "gpu_uuid": "GPU-6f954bfd-7081-31b7-f15c-f9a174bf4d7f", "gpu_util_percent": 23.0, "gpu_mem_util_percent": 5.0, "gpu_mem_used_mib": 16627.0, "gpu_mem_total_mib": 49140.0, "gpu_power_w": 93.26, "process_present": true, "process_mem_mib": 16468.0, "process_mem_share_percent": 33.51241351241352, "process_util_available": true, "process_util_backend": "nvml", "process_sm_util_percent": 22.0, "process_mem_util_percent": 4.0}
{"timestamp_unix": 1772437547.9871645, "pid": 89012, "device_index": 0, "gpu_uuid": "GPU-6f954bfd-7081-31b7-f15c-f9a174bf4d7f", "gpu_util_percent": 24.0, "gpu_mem_util_percent": 5.0, "gpu_mem_used_mib": 19249.0, "gpu_mem_total_mib": 49140.0, "gpu_power_w": 93.58, "process_present": true, "process_mem_mib": 19074.0, "process_mem_share_percent": 38.81562881562882, "process_util_available": true, "process_util_backend": "nvml", "process_sm_util_percent": null, "process_mem_util_percent": null}
{"timestamp_unix": 1772437548.2762673, "pid": 89012, "device_index": 0, "gpu_uuid": "GPU-6f954bfd-7081-31b7-f15c-f9a174bf4d7f", "gpu_util_percent": 24.0, "gpu_mem_util_percent": 5.0, "gpu_mem_used_mib": 22251.0, "gpu_mem_total_mib": 49140.0, "gpu_power_w": 93.58, "process_present": true, "process_mem_mib": 22182.0, "process_mem_share_percent": 45.14041514041514, "process_util_available": true, "process_util_backend": "nvml", "process_sm_util_percent": null, "process_mem_util_percent": null}
{"timestamp_unix": 1772437548.5678263, "pid": 89012, "device_index": 0, "gpu_uuid": "GPU-6f954bfd-7081-31b7-f15c-f9a174bf4d7f", "gpu_util_percent": 24.0, "gpu_mem_util_percent": 5.0, "gpu_mem_used_mib": 25285.0, "gpu_mem_total_mib": 49140.0, "gpu_power_w": 93.95, "process_present": true, "process_mem_mib": 25198.0, "process_mem_share_percent": 51.277981277981276, "process_util_available": true, "process_util_backend": "nvml", "process_sm_util_percent": null, "process_mem_util_percent": null}
{"timestamp_unix": 1772437548.8576512, "pid": 89012, "device_index": 0, "gpu_uuid": "GPU-6f954bfd-7081-31b7-f15c-f9a174bf4d7f", "gpu_util_percent": 24.0, "gpu_mem_util_percent": 5.0, "gpu_mem_used_mib": 28513.0, "gpu_mem_total_mib": 49140.0, "gpu_power_w": 93.95, "process_present": true, "process_mem_mib": 28478.0, "process_mem_share_percent": 57.95278795278796, "process_util_available": true, "process_util_backend": "nvml", "process_sm_util_percent": 22.0, "process_mem_util_percent": 5.0}
{"timestamp_unix": 1772437549.163468, "pid": 89012, "device_index": 0, "gpu_uuid": "GPU-6f954bfd-7081-31b7-f15c-f9a174bf4d7f", "gpu_util_percent": 20.0, "gpu_mem_util_percent": 5.0, "gpu_mem_used_mib": 32036.0, "gpu_mem_total_mib": 49140.0, "gpu_power_w": 94.12, "process_present": true, "process_mem_mib": 31952.0, "process_mem_share_percent": 65.02238502238502, "process_util_available": true, "process_util_backend": "nvml", "process_sm_util_percent": 20.0, "process_mem_util_percent": 5.0}
{"timestamp_unix": 1772437549.4667816, "pid": 89012, "device_index": 0, "gpu_uuid": "GPU-6f954bfd-7081-31b7-f15c-f9a174bf4d7f", "gpu_util_percent": 20.0, "gpu_mem_util_percent": 5.0, "gpu_mem_used_mib": 35449.0, "gpu_mem_total_mib": 49140.0, "gpu_power_w": 94.55, "process_present": true, "process_mem_mib": 35426.0, "process_mem_share_percent": 72.09198209198209, "process_util_available": true, "process_util_backend": "nvml", "process_sm_util_percent": 19.0, "process_mem_util_percent": 5.0}
{"timestamp_unix": 1772437549.7676265, "pid": 89012, "device_index": 0, "gpu_uuid": "GPU-6f954bfd-7081-31b7-f15c-f9a174bf4d7f", "gpu_util_percent": 20.0, "gpu_mem_util_percent": 5.0, "gpu_mem_used_mib": 38855.0, "gpu_mem_total_mib": 49140.0, "gpu_power_w": 94.55, "process_present": true, "process_mem_mib": 38810.0, "process_mem_share_percent": 78.97842897842898, "process_util_available": true, "process_util_backend": "nvml", "process_sm_util_percent": 19.0, "process_mem_util_percent": 5.0}
{"timestamp_unix": 1772437550.0693753, "pid": 89012, "device_index": 0, "gpu_uuid": "GPU-6f954bfd-7081-31b7-f15c-f9a174bf4d7f", "gpu_util_percent": 20.0, "gpu_mem_util_percent": 6.0, "gpu_mem_used_mib": 42545.0, "gpu_mem_total_mib": 49140.0, "gpu_power_w": 94.66, "process_present": true, "process_mem_mib": 42506.0, "process_mem_share_percent": 86.4997964997965, "process_util_available": true, "process_util_backend": "nvml", "process_sm_util_percent": 19.0, "process_mem_util_percent": 5.0}
{"timestamp_unix": 1772437550.3595521, "pid": 89012, "device_index": 0, "gpu_uuid": "GPU-6f954bfd-7081-31b7-f15c-f9a174bf4d7f", "gpu_util_percent": 20.0, "gpu_mem_util_percent": 6.0, "gpu_mem_used_mib": 46323.0, "gpu_mem_total_mib": 49140.0, "gpu_power_w": 94.66, "process_present": true, "process_mem_mib": 46282.0, "process_mem_share_percent": 94.18396418396419, "process_util_available": true, "process_util_backend": "nvml", "process_sm_util_percent": 20.0, "process_mem_util_percent": 5.0}
