{"timestamp_unix": 1772443013.0639236, "pid": 122173, "device_index": 0, "gpu_uuid": "GPU-6f954bfd-7081-31b7-f15c-f9a174bf4d7f", "gpu_util_percent": 25.0, "gpu_mem_util_percent": 14.0, "gpu_mem_used_mib": 999.0, "gpu_mem_total_mib": 49140.0, "gpu_power_w": 47.23, "process_present": true, "process_mem_mib": 564.0, "process_mem_share_percent": 1.1477411477411479, "process_util_available": true, "process_util_backend": "nvml", "process_sm_util_percent": 1.0, "process_mem_util_percent": 0.0}
{"timestamp_unix": 1772443013.3658404, "pid": 122173, "device_index": 0, "gpu_uuid": "GPU-6f954bfd-7081-31b7-f15c-f9a174bf4d7f", "gpu_util_percent": 25.0, "gpu_mem_util_percent": 14.0, "gpu_mem_used_mib": 1418.0, "gpu_mem_total_mib": 49140.0, "gpu_power_w": 63.76, "process_present": true, "process_mem_mib": 1056.0, "process_mem_share_percent": 2.148962148962149, "process_util_available": true, "process_util_backend": "nvml", "process_sm_util_percent": 20.0, "process_mem_util_percent": 1.0}
{"timestamp_unix": 1772443013.683379, "pid": 122173, "device_index": 0, "gpu_uuid": "GPU-6f954bfd-7081-31b7-f15c-f9a174bf4d7f", "gpu_util_percent": 25.0, "gpu_mem_util_percent": 14.0, "gpu_mem_used_mib": 1746.0, "gpu_mem_total_mib": 49140.0, "gpu_power_w": 63.76, "process_present": true, "process_mem_mib": 1336.0, "process_mem_share_percent": 2.7187627187627186, "process_util_available": true, "process_util_backend": "nvml", "process_sm_util_percent": 21.0, "process_mem_util_percent": 1.0}
{"timestamp_unix": 1772443013.9930491, "pid": 122173, "device_index": 0, "gpu_uuid": "GPU-6f954bfd-7081-31b7-f15c-f9a174bf4d7f", "gpu_util_percent": 21.0, "gpu_mem_util_percent": 1.0, "gpu_mem_used_mib": 2100.0, "gpu_mem_total_mib": 49140.0, "gpu_power_w": 83.85, "process_present": true, "process_mem_mib": 1646.0, "process_mem_share_percent": 3.349613349613349, "process_util_available": true, "process_util_backend": "nvml", "process_sm_util_percent": 7.0, "process_mem_util_percent": 0.0}
{"timestamp_unix": 1772443014.2972922, "pid": 122173, "device_index": 0, "gpu_uuid": "GPU-6f954bfd-7081-31b7-f15c-f9a174bf4d7f", "gpu_util_percent": 21.0, "gpu_mem_util_percent": 1.0, "gpu_mem_used_mib": 3715.0, "gpu_mem_total_mib": 49140.0, "gpu_power_w": 83.85, "process_present": true, "process_mem_mib": 3564.0, "process_mem_share_percent": 7.252747252747254, "process_util_available": true, "process_util_backend": "nvml", "process_sm_util_percent": 17.0, "process_mem_util_percent": 3.0}
{"timestamp_unix": 1772443014.589091, "pid": 122173, "device_index": 0, "gpu_uuid": "GPU-6f954bfd-7081-31b7-f15c-f9a174bf4d7f", "gpu_util_percent": 21.0, "gpu_mem_util_percent": 1.0, "gpu_mem_used_mib": 6249.0, "gpu_mem_total_mib": 49140.0, "gpu_power_w": 90.91, "process_present": true, "process_mem_mib": 6048.0, "process_mem_share_percent": 12.307692307692308, "process_util_available": true, "process_util_backend": "nvml", "process_sm_util_percent": 21.0, "process_mem_util_percent": 4.0}
{"timestamp_unix": 1772443014.8791997, "pid": 122173, "device_index": 0, "gpu_uuid": "GPU-6f954bfd-7081-31b7-f15c-f9a174bf4d7f", "gpu_util_percent": 22.0, "gpu_mem_util_percent": 5.0, "gpu_mem_used_mib": 8815.0, "gpu_mem_total_mib": 49140.0, "gpu_power_w": 93.07, "process_present": true, "process_mem_mib": 8652.0, "process_mem_share_percent": 17.60683760683761, "process_util_available": true, "process_util_backend": "nvml", "process_sm_util_percent": 21.0, "process_mem_util_percent": 4.0}
{"timestamp_unix": 1772443015.1682732, "pid": 122173, "device_index": 0, "gpu_uuid": "GPU-6f954bfd-7081-31b7-f15c-f9a174bf4d7f", "gpu_util_percent": 22.0, "gpu_mem_util_percent": 5.0, "gpu_mem_used_mib": 11435.0, "gpu_mem_total_mib": 49140.0, "gpu_power_w": 93.07, "process_present": true, "process_mem_mib": 11302.0, "process_mem_share_percent": 22.999592999593, "process_util_available": true, "process_util_backend": "nvml", "process_sm_util_percent": 24.0, "process_mem_util_percent": 4.0}
{"timestamp_unix": 1772443015.4590123, "pid": 122173, "device_index": 0, "gpu_uuid": "GPU-6f954bfd-7081-31b7-f15c-f9a174bf4d7f", "gpu_util_percent": 22.0, "gpu_mem_util_percent": 5.0, "gpu_mem_used_mib": 14147.0, "gpu_mem_total_mib": 49140.0, "gpu_power_w": 95.98, "process_present": true, "process_mem_mib": 14020.0, "process_mem_share_percent": 28.53072853072853, "process_util_available": true, "process_util_backend": "nvml", "process_sm_util_percent": 23.0, "process_mem_util_percent": 5.0}
{"timestamp_unix": 1772443015.7512376, "pid": 122173, "device_index": 0, "gpu_uuid": "GPU-6f954bfd-7081-31b7-f15c-f9a174bf4d7f", "gpu_util_percent": 22.0, "gpu_mem_util_percent": 5.0, "gpu_mem_used_mib": 17005.0, "gpu_mem_total_mib": 49140.0, "gpu_power_w": 95.98, "process_present": true, "process_mem_mib": 16880.0, "process_mem_share_percent": 34.350834350834354, "process_util_available": true, "process_util_backend": "nvml", "process_sm_util_percent": 23.0, "process_mem_util_percent": 4.0}
{"timestamp_unix": 1772443016.0396454, "pid": 122173, "device_index": 0, "gpu_uuid": "GPU-6f954bfd-7081-31b7-f15c-f9a174bf4d7f", "gpu_util_percent": 26.0, "gpu_mem_util_percent": 6.0, "gpu_mem_used_mib": 19695.0, "gpu_mem_total_mib": 49140.0, "gpu_power_w": 96.51, "process_present": true, "process_mem_mib": 19508.0, "process_mem_share_percent": 39.6988196988197, "process_util_available": true, "process_util_backend": "nvml", "process_sm_util_percent": 25.0, "process_mem_util_percent": 5.0}
{"timestamp_unix": 1772443016.3443806, "pid": 122173, "device_index": 0, "gpu_uuid": "GPU-6f954bfd-7081-31b7-f15c-f9a174bf4d7f", "gpu_util_percent": 26.0, "gpu_mem_util_percent": 6.0, "gpu_mem_used_mib": 21837.0, "gpu_mem_total_mib": 49140.0, "gpu_power_w": 96.55, "process_present": true, "process_mem_mib": 21576.0, "process_mem_share_percent": 43.90720390720391, "process_util_available": true, "process_util_backend": "nvml", "process_sm_util_percent": 24.0, "process_mem_util_percent": 4.0}
{"timestamp_unix": 1772443016.6492977, "pid": 122173, "device_index": 0, "gpu_uuid": "GPU-6f954bfd-7081-31b7-f15c-f9a174bf4d7f", "gpu_util_percent": 26.0, "gpu_mem_util_percent": 6.0, "gpu_mem_used_mib": 24141.0, "gpu_mem_total_mib": 49140.0, "gpu_power_w": 96.55, "process_present": true, "process_mem_mib": 23970.0, "process_mem_share_percent": 48.778998778998776, "process_util_available": true, "process_util_backend": "nvml", "process_sm_util_percent": 25.0, "process_mem_util_percent": 5.0}
{"timestamp_unix": 1772443016.9492848, "pid": 122173, "device_index": 0, "gpu_uuid": "GPU-6f954bfd-7081-31b7-f15c-f9a174bf4d7f", "gpu_util_percent": 23.0, "gpu_mem_util_percent": 4.0, "gpu_mem_used_mib": 26267.0, "gpu_mem_total_mib": 49140.0, "gpu_power_w": 96.03, "process_present": true, "process_mem_mib": 26072.0, "process_mem_share_percent": 53.05657305657305, "process_util_available": true, "process_util_backend": "nvml", "process_sm_util_percent": 24.0, "process_mem_util_percent": 4.0}
{"timestamp_unix": 1772443017.2392843, "pid": 122173, "device_index": 0, "gpu_uuid": "GPU-6f954bfd-7081-31b7-f15c-f9a174bf4d7f", "gpu_util_percent": 23.0, "gpu_mem_util_percent": 4.0, "gpu_mem_used_mib": 28605.0, "gpu_mem_total_mib": 49140.0, "gpu_power_w": 96.03, "process_present": true, "process_mem_mib": 28470.0, "process_mem_share_percent": 57.936507936507944, "process_util_available": true, "process_util_backend": "nvml", "process_sm_util_percent": 27.0, "process_mem_util_percent": 5.0}
{"timestamp_unix": 1772443017.5330503, "pid": 122173, "device_index": 0, "gpu_uuid": "GPU-6f954bfd-7081-31b7-f15c-f9a174bf4d7f", "gpu_util_percent": 23.0, "gpu_mem_util_percent": 4.0, "gpu_mem_used_mib": 31073.0, "gpu_mem_total_mib": 49140.0, "gpu_power_w": 96.32, "process_present": true, "process_mem_mib": 30822.0, "process_mem_share_percent": 62.72283272283272, "process_util_available": true, "process_util_backend": "nvml", "process_sm_util_percent": 24.0, "process_mem_util_percent": 4.0}
{"timestamp_unix": 1772443017.8348854, "pid": 122173, "device_index": 0, "gpu_uuid": "GPU-6f954bfd-7081-31b7-f15c-f9a174bf4d7f", "gpu_util_percent": 26.0, "gpu_mem_util_percent": 5.0, "gpu_mem_used_mib": 33629.0, "gpu_mem_total_mib": 49140.0, "gpu_power_w": 96.8, "process_present": true, "process_mem_mib": 33496.0, "process_mem_share_percent": 68.16442816442816, "process_util_available": true, "process_util_backend": "nvml", "process_sm_util_percent": 25.0, "process_mem_util_percent": 4.0}
{"timestamp_unix": 1772443018.12672, "pid": 122173, "device_index": 0, "gpu_uuid": "GPU-6f954bfd-7081-31b7-f15c-f9a174bf4d7f", "gpu_util_percent": 26.0, "gpu_mem_util_percent": 5.0, "gpu_mem_used_mib": 36254.0, "gpu_mem_total_mib": 49140.0, "gpu_power_w": 96.8, "process_present": true, "process_mem_mib": 36020.0, "process_mem_share_percent": 73.3007733007733, "process_util_available": true, "process_util_backend": "nvml", "process_sm_util_percent": 23.0, "process_mem_util_percent": 4.0}
{"timestamp_unix": 1772443018.4264493, "pid": 122173, "device_index": 0, "gpu_uuid": "GPU-6f954bfd-7081-31b7-f15c-f9a174bf4d7f", "gpu_util_percent": 26.0, "gpu_mem_util_percent": 5.0, "gpu_mem_used_mib": 38776.0, "gpu_mem_total_mib": 49140.0, "gpu_power_w": 96.83, "process_present": true, "process_mem_mib": 38594.0, "process_mem_share_percent": 78.53886853886853, "process_util_available": true, "process_util_backend": "nvml", "process_sm_util_percent": 25.0, "process_mem_util_percent": 5.0}
{"timestamp_unix": 1772443018.7257376, "pid": 122173, "device_index": 0, "gpu_uuid": "GPU-6f954bfd-7081-31b7-f15c-f9a174bf4d7f", "gpu_util_percent": 26.0, "gpu_mem_util_percent": 5.0, "gpu_mem_used_mib": 40956.0, "gpu_mem_total_mib": 49140.0, "gpu_power_w": 96.83, "process_present": true, "process_mem_mib": 40684.0, "process_mem_share_percent": 82.79202279202279, "process_util_available": true, "process_util_backend": "nvml", "process_sm_util_percent": 23.0, "process_mem_util_percent": 4.0}
{"timestamp_unix": 1772443019.0359757, "pid": 122173, "device_index": 0, "gpu_uuid": "GPU-6f954bfd-7081-31b7-f15c-f9a174bf4d7f", "gpu_util_percent": 26.0, "gpu_mem_util_percent": 5.0, "gpu_mem_used_mib": 43254.0, "gpu_mem_total_mib": 49140.0, "gpu_power_w": 96.54, "process_present": true, "process_mem_mib": 43050.0, "process_mem_share_percent": 87.6068376068376, "process_util_available": true, "process_util_backend": "nvml", "process_sm_util_percent": 24.0, "process_mem_util_percent": 4.0}
{"timestamp_unix": 1772443019.339148, "pid": 122173, "device_index": 0, "gpu_uuid": "GPU-6f954bfd-7081-31b7-f15c-f9a174bf4d7f", "gpu_util_percent": 26.0, "gpu_mem_util_percent": 5.0, "gpu_mem_used_mib": 45384.0, "gpu_mem_total_mib": 49140.0, "gpu_power_w": 96.71, "process_present": true, "process_mem_mib": 45202.0, "process_mem_share_percent": 91.98616198616199, "process_util_available": true, "process_util_backend": "nvml", "process_sm_util_percent": 12.0, "process_mem_util_percent": 2.0}
{"timestamp_unix": 1772443019.645158, "pid": 122173, "device_index": 0, "gpu_uuid": "GPU-6f954bfd-7081-31b7-f15c-f9a174bf4d7f", "gpu_util_percent": 26.0, "gpu_mem_util_percent": 5.0, "gpu_mem_used_mib": 47852.0, "gpu_mem_total_mib": 49140.0, "gpu_power_w": 96.71, "process_present": true, "process_mem_mib": 47716.0, "process_mem_share_percent": 97.10215710215711, "process_util_available": true, "process_util_backend": "nvml", "process_sm_util_percent": 24.0, "process_mem_util_percent": 5.0}
